"","Pollster","Start.Date","End.Date","Entry.Date.Time..ET.","Number.of.Observations","Population","Mode","Trump","Carson","Cruz","Rubio","Bush","Christie","Fiorina","Rand.Paul","Kasich","Huckabee","Jindal","Santorum","Graham","Pataki","Gilmore","Perry","Walker","Undecided","Pollster.URL","Source.URL","Partisan","Affiliation","polled_party","voter","date_time","compare_date"
"1","Ipsos/Reuters","2015-11-28","2015-12-02","2015-12-03 2000-01-01 17:32:37 UTC",385,"Adults - Republican","Internet",36,17,10,7,11,2,2,4,2,2,NA,1,0,0,0,NA,NA,5,"http://elections.huffingtonpost.com/pollster/polls/ipsos-reuters-23252","http://www.ipsos-na.com/download/pr.aspx?id=15124","Nonpartisan","None","Republican","Adults","2015-12-03 17:32:37","1449192757"
"2","CNN","2015-11-27","2015-12-01","2015-12-04 2000-01-01 12:16:32 UTC",445,"Registered Voters - Republican","Live Phone",36,14,16,12,3,4,3,1,2,2,0,0,0,0,0,NA,NA,6,"http://elections.huffingtonpost.com/pollster/polls/cnn-23258","http://i2.cdn.turner.com/cnn/2015/images/12/04/cnnorc12042015gopprimarypoll.pdf","Nonpartisan","None","Republican","Registered Voters","2015-12-04 12:16:32","1449260192"
"3","Quinnipiac","2015-11-23","2015-11-30","2015-12-02 2000-01-01 12:04:16 UTC",672,"Registered Voters - Republican","Live Phone",27,16,16,17,5,2,3,2,2,1,NA,0,0,0,0,NA,NA,9,"http://elections.huffingtonpost.com/pollster/polls/quinnipiac-23247","http://www.quinnipiac.edu/news-and-events/quinnipiac-university-poll/national/release-detail?ReleaseID=2307","Nonpartisan","None","Republican","Registered Voters","2015-12-02 12:04:16","1449086656"
"4","Ipsos/Reuters","2015-11-21","2015-11-25","2015-11-25 2000-01-01 20:56:33 UTC",352,"Adults - Republican","Internet",37,9,11,10,6,4,3,2,3,3,NA,0,0,2,3,NA,NA,6,"http://elections.huffingtonpost.com/pollster/polls/ipsos-reuters-23238","http://big.assets.huffingtonpost.com/2015ReutersTrackingCorePolitical112515.pdf","Nonpartisan","None","Republican","Adults","2015-11-25 20:56:33","1448513793"
"5","Gravis Marketing/One America News","2015-11-23","2015-11-23","2015-11-25 2000-01-01 15:31:26 UTC",523,"Likely Voters - Republican","Automated Phone",37,15,12,14,8,2,2,3,4,2,NA,1,2,NA,NA,NA,NA,NA,"http://elections.huffingtonpost.com/pollster/polls/gravis-marketing-one-america-news-23235","http://www.oann.com/pollnational/","Sponsor","Rep","Republican","Likely Voters","2015-11-25 15:31:26","1448494286"
"6","YouGov/Economist","2015-11-19","2015-11-23","2015-11-25 2000-01-01 14:14:12 UTC",600,"Likely Voters - Republican","Internet",36,10,12,14,6,3,4,4,4,2,NA,0,1,0,0,NA,NA,3,"http://elections.huffingtonpost.com/pollster/polls/yougov-economist-23233","https://d25d2506sfb94s.cloudfront.net/cumulus_uploads/document/o77ie8jgv3/econTabReport.pdf","Nonpartisan","None","Republican","Likely Voters","2015-11-25 14:14:12","1448489652"
"7","ABC/Post","2015-11-16","2015-11-19","2015-11-22 2000-01-01 15:00:37 UTC",373,"Registered Voters - Republican","Live Phone",32,22,8,11,6,2,4,3,3,3,NA,1,1,NA,NA,NA,NA,5,"http://elections.huffingtonpost.com/pollster/polls/abc-post-23205","http://apps.washingtonpost.com/g/page/politics/washington-post-abc-news-poll-nov-15-19-2015/1880/","Nonpartisan","None","Republican","Registered Voters","2015-11-22 15:00:37","1448233237"
"8","FOX","2015-11-16","2015-11-19","2015-11-22 2000-01-01 15:14:04 UTC",434,"Likely Voters - Republican","Live Phone",28,18,14,14,5,3,3,2,2,3,NA,NA,NA,1,NA,NA,NA,5,"http://elections.huffingtonpost.com/pollster/polls/fox-23207","http://www.foxnews.com/politics/interactive/2015/11/20/fox-news-poll-2016-matchups-syrian-refugees/","Nonpartisan","None","Republican","Likely Voters","2015-11-22 15:14:04","1448234044"
"9","Ipsos/Reuters","2015-11-14","2015-11-18","2015-11-19 2000-01-01 18:29:31 UTC",1299,"Adults - Republican","Internet",37,14,8,11,6,3,3,5,2,3,1,1,0,0,0,NA,NA,6,"http://elections.huffingtonpost.com/pollster/polls/ipsos-reuters-23182","http://ipsos-na.com/download/pr.aspx?id=15090","Nonpartisan","None","Republican","Adults","2015-11-19 18:29:31","1447986571"
"10","PPP (D)","2015-11-16","2015-11-17","2015-11-19 2000-01-01 15:02:32 UTC",607,"Likely Voters - Republican","IVR/Online",26,19,14,13,5,3,4,2,3,4,0,0,1,1,0,NA,NA,2,"http://elections.huffingtonpost.com/pollster/polls/ppp-d-23174","http://www.publicpolicypolling.com/pdf/2015/PPP_Release_National_111915.pdf","Pollster","Dem","Republican","Likely Voters","2015-11-19 15:02:32","1447974152"
"11","Bloomberg/Selzer","2015-11-15","2015-11-17","2015-11-19 2000-01-01 17:27:19 UTC",379,"Registered Voters - Republican","Live Phone",24,20,9,12,6,4,3,3,3,3,NA,1,1,1,NA,NA,NA,12,"http://elections.huffingtonpost.com/pollster/polls/bloomberg-selzer-23179","http://www.scribd.com/doc/290373723/Bloomberg-Politics-National-Poll-GOP-Nov-19-2015","Nonpartisan","None","Republican","Registered Voters","2015-11-19 17:27:19","1447982839"
"12","NBC/SurveyMonkey","2015-11-15","2015-11-17","2015-11-20 2000-01-01 14:12:40 UTC",2440,"Registered Voters - Republican","Internet",28,18,18,11,4,3,3,2,2,2,1,1,0,0,0,NA,NA,6,"http://elections.huffingtonpost.com/pollster/polls/nbc-surveymonkey-23195","http://www.nbcnews.com/politics/2016-election/poll-trump-retakes-lead-gop-race-cruz-makes-gains-n466651","Nonpartisan","None","Republican","Registered Voters","2015-11-20 14:12:40","1448057560"
"13","Morning Consult","2015-11-13","2015-11-16","2015-11-17 2000-01-01 15:45:58 UTC",774,"Registered Voters - Republican","Internet",38,19,7,7,6,2,3,2,1,3,0,0,1,0,NA,NA,NA,9,"http://elections.huffingtonpost.com/pollster/polls/morning-consult-23158","http://morningconsult.com/wp-content/uploads/2015/11/MC-Tracking-Poll-Toplines-November-13-16-2015.pdf","Nonpartisan","None","Republican","Registered Voters","2015-11-17 15:45:58","1447803958"
"14","Rasmussen","2015-11-11","2015-11-12","2015-11-13 2000-01-01 17:55:34 UTC",572,"Likely Voters - Republican","Automated Phone",27,20,13,16,8,NA,4,NA,NA,NA,NA,NA,NA,NA,NA,NA,NA,5,"http://elections.huffingtonpost.com/pollster/polls/rasmussen-23134","http://www.rasmussenreports.com/public_content/politics/elections/election_2016/here_s_how_the_gop_race_looks_now","Nonpartisan","None","Republican","Likely Voters","2015-11-13 17:55:34","1447466134"
"15","Ipsos/Reuters","2015-11-07","2015-11-11","2015-11-17 2000-01-01 21:36:06 UTC",555,"Adults - Republican","Internet",33,17,10,10,6,1,5,3,1,4,1,2,1,0,0,NA,NA,5,"http://elections.huffingtonpost.com/pollster/polls/ipsos-reuters-23166","http://www.ipsos-na.com/download/pr.aspx?id=15085","Nonpartisan","None","Republican","Adults","2015-11-17 21:36:06","1447824966"
"16","Public Religion Research Institute","2015-11-06","2015-11-10","2015-11-23 2000-01-01 16:21:55 UTC",147,"Likely Voters - Republican","Live Phone",20,27,10,9,8,3,2,0,3,6,NA,NA,NA,NA,NA,NA,NA,12,"http://elections.huffingtonpost.com/pollster/polls/public-religion-research-institute-23214","http://big.assets.huffingtonpost.com/AVS-2015-Election-Supplement-Topline.pdf","Nonpartisan","None","Republican","Likely Voters","2015-11-23 16:21:55","1448324515"
"17","YouGov/Economist","2015-11-05","2015-11-09","2015-11-10 2000-01-01 19:09:31 UTC",446,"Registered Voters - Republican","Internet",32,18,10,13,3,3,3,4,4,4,2,1,1,0,1,NA,NA,NA,"http://elections.huffingtonpost.com/pollster/polls/yougov-economist-23108","https://d25d2506sfb94s.cloudfront.net/cumulus_uploads/document/1hhz66took/econToplines.pdf","Nonpartisan","None","Republican","Registered Voters","2015-11-10 19:09:31","1447211371"
"18","Morning Consult","2015-11-05","2015-11-08","2015-11-10 2000-01-01 17:55:28 UTC",1567,"Registered Voters - Republican","Internet",34,19,7,7,8,2,2,2,1,3,1,1,0,0,NA,NA,NA,11,"http://elections.huffingtonpost.com/pollster/polls/morning-consult-23107","http://big.assets.huffingtonpost.com/151102toplinesmorningconsult.pdf","Nonpartisan","None","Republican","Registered Voters","2015-11-10 17:55:28","1447206928"
"19","Ipsos/Reuters","2015-10-31","2015-11-04","2015-11-05 2000-01-01 18:36:49 UTC",618,"Adults - Republican","Internet",29,19,8,10,10,3,5,2,2,3,1,0,1,1,0,NA,NA,5,"http://elections.huffingtonpost.com/pollster/polls/ipsos-reuters-23076","http://www.ipsos-na.com/download/pr.aspx?id=15026","Nonpartisan","None","Republican","Adults","2015-11-05 18:36:49","1446777409"
"20","McClatchy/Marist","2015-10-29","2015-11-04","2015-11-09 2000-01-01 19:15:11 UTC",431,"Registered Voters - Republican","Live Phone",23,24,8,12,8,2,3,5,4,3,1,1,0,1,0,NA,NA,4,"http://elections.huffingtonpost.com/pollster/polls/mcclatchy-marist-23088","http://www.mcclatchydc.com/news/politics-government/election/article43727049.ece/BINARY/Poll%20details","Nonpartisan","None","Republican","Registered Voters","2015-11-09 19:15:11","1447125311"
"21","FOX","2015-11-01","2015-11-03","2015-11-04 2000-01-01 23:23:33 UTC",476,"Likely Voters - Republican","Live Phone",26,23,11,11,4,2,3,4,4,4,0,0,0,0,0,NA,NA,5,"http://elections.huffingtonpost.com/pollster/polls/fox-23061","http://www.foxnews.com/politics/interactive/2015/10/13/fox-news-poll-biden-more-electable-than-clinton/","Nonpartisan","None","Republican","Likely Voters","2015-11-04 23:23:33","1446708213"
"22","USC/LA Times/SurveyMonkey","2015-10-29","2015-11-03","2015-11-09 2000-01-01 16:34:14 UTC",1292,"Registered Voters - Republican","Internet",25,21,10,12,4,1,4,2,2,2,1,1,0,0,0,NA,NA,13,"http://elections.huffingtonpost.com/pollster/polls/usc-la-times-surveymonkey-23085","http://dornsife.usc.edu/usc-dornsife-los-angeles-times-poll/","Nonpartisan","None","Republican","Registered Voters","2015-11-09 16:34:14","1447115654"
"23","Quinnipiac","2015-10-29","2015-11-02","2015-11-04 2000-01-01 16:23:42 UTC",502,"Registered Voters - Republican","Live Phone",24,23,13,14,4,3,3,2,3,1,0,1,0,0,0,NA,NA,9,"http://elections.huffingtonpost.com/pollster/polls/quinnipiac-23059","http://www.quinnipiac.edu/news-and-events/quinnipiac-university-poll/national/release-detail?ReleaseID=2299","Nonpartisan","None","Republican","Registered Voters","2015-11-04 16:23:42","1446683022"
"24","Ipsos/Reuters","2015-10-28","2015-11-02","2015-11-04 2000-01-01 23:38:47 UTC",635,"Adults - Republican","Internet",31,18,6,10,10,3,5,3,3,3,1,1,0,0,0,NA,NA,6,"http://elections.huffingtonpost.com/pollster/polls/ipsos-reuters-23062","http://www.ipsos-na.com/download/pr.aspx?id=15024","Nonpartisan","None","Republican","Adults","2015-11-04 23:38:47","1446709127"
"25","Morning Consult","2015-10-29","2015-11-01","2015-11-03 2000-01-01 20:26:04 UTC",937,"Registered Voters - Republican","Internet",31,21,9,7,7,4,2,3,1,3,1,0,0,1,NA,NA,NA,10,"http://elections.huffingtonpost.com/pollster/polls/morning-consult-23056","http://morningconsult.com/polls/new-poll-jeb-bushs-popularity-problem-trump-down-for-second-consecutive-week/","Nonpartisan","None","Republican","Registered Voters","2015-11-03 20:26:04","1446611164"
"26","Zogby (Internet)","2015-10-30","2015-10-31","2015-11-09 2000-01-01 20:46:00 UTC",344,"Likely Voters - Republican","Internet",30,17,8,10,7,2,2,4,2,2,1,1,1,0,0,NA,NA,11,"http://elections.huffingtonpost.com/pollster/polls/zogby-internet-23090","http://www.zogbyanalytics.com/news/670-trump-still-leads-in-new-zogby-analytics-poll","Nonpartisan","None","Republican","Likely Voters","2015-11-09 20:46:00","1447130760"
"27","NBC/SurveyMonkey","2015-10-27","2015-10-29","2015-11-03 2000-01-01 21:53:33 UTC",3387,"Registered Voters - Republican","Internet",26,26,10,9,5,2,4,2,2,2,0,0,0,0,0,NA,NA,8,"http://elections.huffingtonpost.com/pollster/polls/nbc-surveymonkey-23057","http://www.scribd.com/doc/287955649/Go-p-Race-Survey-Monkey-Top-Lines","Nonpartisan","None","Republican","Registered Voters","2015-11-03 21:53:33","1446616413"
"28","NBC/WSJ","2015-10-25","2015-10-29","2015-11-02 2000-01-01 23:33:31 UTC",400,"Likely Voters - Republican","Live Phone",23,29,10,11,8,3,3,2,3,3,0,0,0,0,0,NA,NA,4,"http://elections.huffingtonpost.com/pollster/polls/nbc-wsj-23050","http://www.nbcnews.com/politics/2016-election/nbc-wsj-poll-carson-surges-lead-national-gop-race-n456006","Nonpartisan","None","Republican","Likely Voters","2015-11-02 23:33:31","1446536011"
"29","IBD/TIPP","2015-10-24","2015-10-29","2015-10-31 2000-01-01 22:19:16 UTC",402,"Registered Voters - Republican","Live Phone",28,23,6,11,6,1,3,2,1,1,2,1,0,0,NA,NA,NA,NA,"http://elections.huffingtonpost.com/pollster/polls/ibd-tipp-23038","http://news.investors.com/ibd-editorials-polls/103015-778378-donald-trump-leads-ben-carson-second-in-ibd-tipp-poll.htm","Nonpartisan","None","Republican","Registered Voters","2015-10-31 22:19:16","1446355156"
"30","Ipsos/Reuters","2015-10-24","2015-10-28","2015-10-29 2000-01-01 16:44:01 UTC",584,"Adults - Republican","Internet",29,27,5,6,9,3,4,3,4,2,1,0,1,1,0,NA,NA,6,"http://elections.huffingtonpost.com/pollster/polls/ipsos-reuters-23026","http://www.ipsos-na.com/download/pr.aspx?id=15018","Nonpartisan","None","Republican","Adults","2015-10-29 16:44:01","1446162241"
"31","YouGov/Economist","2015-10-23","2015-10-27","2015-10-28 2000-01-01 18:21:17 UTC",447,"Registered Voters - Republican","Internet",32,18,8,11,8,2,3,4,4,2,1,1,1,0,0,NA,NA,3,"http://elections.huffingtonpost.com/pollster/polls/yougov-economist-23013","https://d25d2506sfb94s.cloudfront.net/cumulus_uploads/document/uobybjo8zg/econToplines.pdf","Nonpartisan","None","Republican","Registered Voters","2015-10-28 18:21:17","1446081677"
"32","Gravis Marketing/One America News","2015-10-26","2015-10-26","2015-10-27 2000-01-01 21:27:20 UTC",906,"Registered Voters - Republican","Automated Phone",36,22,6,11,8,2,6,2,3,3,0,1,2,0,NA,NA,NA,NA,"http://elections.huffingtonpost.com/pollster/polls/gravis-marketing-one-america-news-23004","http://www.prnewswire.com/news-releases/trumps-national-lead-increases-to-356-300166946.html","Sponsor","Rep","Republican","Registered Voters","2015-10-27 21:27:20","1446006440"
"33","Morning Consult","2015-10-22","2015-10-25","2015-10-26 2000-01-01 21:12:38 UTC",714,"Registered Voters - Republican","Internet",35,20,3,6,8,3,3,3,2,4,2,1,0,1,NA,NA,NA,10,"http://elections.huffingtonpost.com/pollster/polls/morning-consult-22994","http://morningconsult.com/wp-content/uploads/2015/10/151006_topline_trend_v2_AP.pdf","Nonpartisan","None","Republican","Registered Voters","2015-10-26 21:12:38","1445919158"
"34","CBS/Times","2015-10-21","2015-10-25","2015-10-27 2000-01-01 12:12:22 UTC",575,"Likely Voters - Republican","Live Phone",22,26,4,8,7,1,7,4,4,4,0,1,2,0,0,NA,NA,6,"http://elections.huffingtonpost.com/pollster/polls/cbs-times-22995","http://www.scribd.com/doc/287251908/Toplines-for-a-m-CBS-NYT-GOP-poll","Nonpartisan","None","Republican","Likely Voters","2015-10-27 12:12:22","1445973142"
"35","Ipsos/Reuters","2015-10-17","2015-10-21","2015-10-23 2000-01-01 17:26:32 UTC",806,"Adults - Republican","Internet",31,18,5,6,9,3,6,3,4,4,2,1,1,1,0,NA,NA,8,"http://elections.huffingtonpost.com/pollster/polls/ipsos-reuters-22974","http://www.ipsos-na.com/news-polls/pressrelease.aspx?id=7015","Nonpartisan","None","Republican","Adults","2015-10-23 17:26:32","1445646392"
"36","Morning Consult","2015-10-15","2015-10-19","2015-10-20 2000-01-01 17:31:31 UTC",770,"Registered Voters - Republican","Internet",40,14,5,5,6,4,3,2,2,3,1,1,1,1,NA,NA,NA,12,"http://elections.huffingtonpost.com/pollster/polls/morning-consult-22950","http://morningconsult.com/wp-content/uploads/2015/10/151005_topline_trend_v2_TS.pdf","Nonpartisan","None","Republican","Registered Voters","2015-10-20 17:31:31","1445387491"
"37","ABC/Post","2015-10-15","2015-10-18","2015-10-21 2000-01-01 12:14:45 UTC",364,"Registered Voters - Republican","Live Phone",32,22,6,10,7,3,5,2,2,3,0,0,1,1,NA,NA,NA,3,"http://elections.huffingtonpost.com/pollster/polls/abc-post-22956","http://apps.washingtonpost.com/g/page/politics/washington-post-abc-news-poll-oct-15-18-2015/1852/","Nonpartisan","None","Republican","Registered Voters","2015-10-21 12:14:45","1445454885"
"38","Monmouth University","2015-10-15","2015-10-18","2015-10-20 2000-01-01 16:24:29 UTC",348,"Registered Voters - Republican","Live Phone",28,18,10,6,5,3,6,4,1,4,1,0,1,0,0,NA,NA,12,"http://elections.huffingtonpost.com/pollster/polls/monmouth-university-22949","http://www.monmouth.edu/assets/0/32212254770/32212254991/32212254992/32212254994/32212254995/30064771087/1c284c69-c5e0-4498-bd3b-797b7ba1be54.pdf","Nonpartisan","None","Republican","Registered Voters","2015-10-20 16:24:29","1445383469"
"39","NBC/WSJ","2015-10-15","2015-10-18","2015-10-19 2000-01-01 21:14:25 UTC",400,"Likely Voters - Republican","Live Phone",25,22,9,13,8,1,7,2,3,3,0,0,0,0,0,NA,NA,6,"http://elections.huffingtonpost.com/pollster/polls/nbc-wsj-22940","http://www.scribd.com/doc/286132150/15462-NBCWSJ-Oct-Poll-Final","Nonpartisan","None","Republican","Likely Voters","2015-10-19 21:14:25","1445314465"
"40","Emerson College Polling Society","2015-10-16","2015-10-17","2015-10-20 2000-01-01 18:55:01 UTC",403,"Likely Voters - Republican","Automated Phone",32,23,6,14,8,2,6,0,3,4,NA,0,NA,NA,NA,NA,NA,2,"http://elections.huffingtonpost.com/pollster/polls/emerson-college-polling-society-22951","http://big.assets.huffingtonpost.com/ECPS_POTUS_10.19.pdf","Nonpartisan","None","Republican","Likely Voters","2015-10-20 18:55:01","1445392501"
"41","CNN","2015-10-14","2015-10-17","2015-10-20 2000-01-01 14:11:20 UTC",298,"Registered Voters - Republican","Live Phone",27,22,4,8,8,4,4,5,3,5,0,2,1,0,0,NA,NA,6,"http://elections.huffingtonpost.com/pollster/polls/cnn-22943","http://www.cnn.com/2015/10/20/politics/donald-trump-ben-carson-carly-fioriana-2016-poll-republicans/index.html","Nonpartisan","None","Republican","Registered Voters","2015-10-20 14:11:20","1445375480"
"42","NBC/SurveyMonkey","2015-10-13","2015-10-15","2015-10-16 2000-01-01 20:53:14 UTC",1881,"Registered Voters - Republican","Internet",28,23,6,9,5,2,6,2,3,3,1,0,0,0,0,NA,NA,7,"http://elections.huffingtonpost.com/pollster/polls/nbc-surveymonkey-22931","http://www.scribd.com/doc/285396771/NBC-SurveyMonkey-ToplinesMethod10-15","Nonpartisan","None","Republican","Registered Voters","2015-10-16 20:53:14","1445053994"
"43","Ipsos/Reuters","2015-10-10","2015-10-14","2015-10-16 2000-01-01 21:05:43 UTC",492,"Adults - Republican","Internet",33,19,4,8,11,3,3,4,2,3,1,1,0,0,1,NA,NA,7,"http://elections.huffingtonpost.com/pollster/polls/ipsos-reuters-22933","http://ipsos-na.com/news-polls/pressrelease.aspx?id=7027","Nonpartisan","None","Republican","Adults","2015-10-16 21:05:43","1445054743"
"44","Morning Consult","2015-10-08","2015-10-12","2015-10-13 2000-01-01 15:48:47 UTC",749,"Registered Voters - Republican","Internet",34,20,5,5,9,2,5,3,3,4,0,1,1,1,NA,NA,NA,7,"http://elections.huffingtonpost.com/pollster/polls/morning-consult-22902","http://morningconsult.com/2015/10/ahead-of-debate-clinton-lead-grows/","Nonpartisan","None","Republican","Registered Voters","2015-10-13 15:48:47","1444776527"
"45","YouGov/Economist","2015-10-08","2015-10-12","2015-10-14 2000-01-01 21:28:25 UTC",434,"Registered Voters - Republican","Internet",28,18,8,11,7,3,9,3,3,3,1,0,1,0,0,NA,NA,3,"http://elections.huffingtonpost.com/pollster/polls/yougov-economist-22919","https://today.yougov.com/news/2015/10/14/whats-happened-jeb-bush/","Nonpartisan","None","Republican","Registered Voters","2015-10-14 21:28:25","1444883305"
"46","CBS","2015-10-04","2015-10-08","2015-10-12 2000-01-01 15:48:21 UTC",339,"Registered Voters - Republican","Live Phone",27,21,9,8,6,3,6,4,2,2,0,1,NA,0,NA,NA,NA,11,"http://elections.huffingtonpost.com/pollster/polls/cbs-22888","http://www.scribd.com/doc/284425884/CBS-News-poll-2016-Democratic-presidential-campaign","Nonpartisan","None","Republican","Registered Voters","2015-10-12 15:48:21","1444690101"
"47","Ipsos/Reuters","2015-10-03","2015-10-07","2015-10-08 2000-01-01 14:41:05 UTC",602,"Adults - Republican","Internet",31,17,4,7,14,3,7,4,1,4,0,0,0,0,0,NA,NA,7,"http://elections.huffingtonpost.com/pollster/polls/ipsos-reuters-22871","http://ipsos-na.com/download/pr.aspx?id=14945","Nonpartisan","None","Republican","Adults","2015-10-08 14:41:05","1444340465"
"48","Morning Consult","2015-10-02","2015-10-05","2015-10-06 2000-01-01 21:34:11 UTC",807,"Registered Voters - Republican","Internet",31,13,5,10,7,4,6,3,4,2,0,1,1,1,NA,NA,NA,10,"http://elections.huffingtonpost.com/pollster/polls/morning-consult-22858","http://morningconsult.com/wp-content/uploads/2015/10/151001_topline_trend_v1_AP.pdf","Nonpartisan","None","Republican","Registered Voters","2015-10-06 21:34:11","1444192451"
"49","Fairleigh Dickinson","2015-10-01","2015-10-05","2015-10-08 2000-01-01 22:22:35 UTC",305,"Registered Voters - Republican","Live Phone",26,22,5,8,7,3,7,4,1,6,1,0,0,0,0,NA,NA,9,"http://elections.huffingtonpost.com/pollster/polls/fairleigh-dickinson-22878","http://view2.fdu.edu/publicmind/2015/151008/","Nonpartisan","None","Republican","Registered Voters","2015-10-08 22:22:35","1444368155"
"50","PPP (D)","2015-10-01","2015-10-04","2015-10-06 2000-01-01 18:56:54 UTC",627,"Likely Voters - Republican","IVR/Online",27,17,7,13,10,2,6,2,4,4,1,2,1,1,0,NA,NA,3,"http://elections.huffingtonpost.com/pollster/polls/ppp-d-22856","http://www.publicpolicypolling.com/pdf/2015/PPP_Release_NationalGOP_100615.pdf","Pollster","Dem","Republican","Likely Voters","2015-10-06 18:56:54","1444183014"
"51","Public Religion Research Institute","2015-09-11","2015-10-04","2015-11-23 2000-01-01 17:38:53 UTC",308,"Likely Voters - Republican","Live Phone",25,16,5,9,11,3,13,2,4,5,0,1,NA,NA,NA,NA,3,1,"http://elections.huffingtonpost.com/pollster/polls/public-religion-research-institute-23215","http://big.assets.huffingtonpost.com/American-Values-Survey-2015-Topline1.pdf","Nonpartisan","None","Republican","Likely Voters","2015-11-23 17:38:53","1448329133"
"52","Gravis Marketing/One America News","2015-09-30","2015-10-01","2015-10-07 2000-01-01 17:07:13 UTC",898,"Likely Voters - Republican","Automated Phone",35,17,7,11,7,2,9,3,3,5,0,1,0,0,NA,NA,NA,NA,"http://elections.huffingtonpost.com/pollster/polls/gravis-marketing-one-america-news-22863","http://www.prnewswire.com/news-releases/trump-dominates-one-america-news-networks-national-poll-300153522.html","Sponsor","Rep","Republican","Likely Voters","2015-10-07 17:07:13","1444262833"
"53","IBD/TIPP","2015-09-26","2015-10-01","2015-10-05 2000-01-01 15:55:07 UTC",377,"Registered Voters - Republican","Live Phone",17,24,6,11,8,2,9,3,4,2,NA,NA,NA,NA,NA,NA,NA,9,"http://elections.huffingtonpost.com/pollster/polls/ibd-tipp-22844","http://news.investors.com/ibd-editorials-polls/100215-773897-donald-trump-trails-ben-carson-in-ibd-tipp-poll.htm?ref=HPLNewshttp://news.investors.com/ibd-editorials-polls/100215-773897-donald-trump-trails-ben-carson-in-ibd-tipp-poll.htm?ref=HPLNews","Nonpartisan","None","Republican","Registered Voters","2015-10-05 15:55:07","1444085707"
"54","Ipsos/Reuters","2015-09-26","2015-09-30","2015-10-02 2000-01-01 16:48:00 UTC",481,"Adults - Republican","Internet",32,12,5,7,10,5,8,7,1,3,1,2,0,0,1,NA,NA,6,"http://elections.huffingtonpost.com/pollster/polls/ipsos-reuters-22834","http://ipsos-na.com/download/pr.aspx?id=14934","Nonpartisan","None","Republican","Adults","2015-10-02 16:48:00","1443829680"
"55","YouGov/Economist","2015-09-25","2015-09-29","2015-10-01 2000-01-01 18:09:28 UTC",450,"Registered Voters - Republican","Internet",25,15,9,16,7,3,8,4,4,2,2,1,0,0,1,NA,NA,2,"http://elections.huffingtonpost.com/pollster/polls/yougov-economist-22830","http://d25d2506sfb94s.cloudfront.net/cumulus_uploads/document/8w1iq3dtp2/econToplines.pdf","Nonpartisan","None","Republican","Registered Voters","2015-10-01 18:09:28","1443748168"
"56","Suffolk/USA Today","2015-09-24","2015-09-28","2015-09-30 2000-01-01 16:27:03 UTC",380,"Likely Voters - Republican","Live Phone",23,13,6,9,8,1,13,2,2,2,1,0,1,0,NA,NA,NA,18,"http://elections.huffingtonpost.com/pollster/polls/suffolk-usa-today-22822","http://www.suffolk.edu/documents/SUPRC/10_1_2015_complete_marginals.pdf","Nonpartisan","None","Republican","Likely Voters","2015-09-30 16:27:03","1443655623"
"57","Morning Consult","2015-09-24","2015-09-27","2015-09-29 2000-01-01 19:40:45 UTC",637,"Registered Voters - Republican","Internet",30,15,5,9,10,4,9,3,1,3,0,1,0,1,NA,NA,NA,9,"http://elections.huffingtonpost.com/pollster/polls/morning-consult-22813","http://morningconsult.com/2015/09/poll-biden-broadly-favorable-but-clinton-still-leads/","Nonpartisan","None","Republican","Registered Voters","2015-09-29 19:40:45","1443580845"
"58","NBC/WSJ","2015-09-20","2015-09-24","2015-09-28 2000-01-01 15:55:22 UTC",230,"Likely Voters - Republican","Live Phone",21,20,5,11,7,3,11,3,6,2,1,1,0,0,0,NA,NA,8,"http://elections.huffingtonpost.com/pollster/polls/nbc-wsj-22803","http://www.nbcnews.com/meet-the-press/nbc-wsj-poll-2016-gop-race-n433991","Nonpartisan","None","Republican","Likely Voters","2015-09-28 15:55:22","1443480922"
"59","Ipsos/Reuters","2015-09-19","2015-09-23","2015-09-25 2000-01-01 21:18:59 UTC",572,"Adults - Republican","Internet",30,18,5,6,10,3,8,2,3,3,1,1,1,0,2,NA,2,5,"http://elections.huffingtonpost.com/pollster/polls/ipsos-reuters-22797","http://www.ipsos-na.com/download/pr.aspx?id=14901","Nonpartisan","None","Republican","Adults","2015-09-25 21:18:59","1443241139"
"60","FOX","2015-09-20","2015-09-22","2015-09-24 2000-01-01 22:22:11 UTC",398,"Likely Voters - Republican","Live Phone",26,18,8,9,7,5,9,2,4,3,0,0,0,1,0,NA,NA,4,"http://elections.huffingtonpost.com/pollster/polls/fox-22789","http://www.foxnews.com/politics/interactive/2015/09/24/fox-news-poll-voters-believe-iran-deal-to-make-us-less-safe-obama-job-approval/","Nonpartisan","None","Republican","Likely Voters","2015-09-24 22:22:11","1443158531"
"61","Bloomberg/Selzer","2015-09-18","2015-09-21","2015-09-24 2000-01-01 22:08:04 UTC",391,"Registered Voters - Republican","Live Phone",21,16,5,8,13,4,11,2,4,3,1,1,0,0,0,NA,1,10,"http://elections.huffingtonpost.com/pollster/polls/bloomberg-selzer-22787","http://www.bloomberg.com/politics/articles/2015-09-24/most-agree-with-trump-on-america-s-lost-greatness-bloomberg-poll-finds","Nonpartisan","None","Republican","Registered Voters","2015-09-24 22:08:04","1443157684"
"62","Quinnipiac","2015-09-17","2015-09-21","2015-09-24 2000-01-01 22:15:01 UTC",737,"Registered Voters - Republican","Live Phone",25,17,7,9,10,2,12,1,2,2,0,0,0,1,0,NA,NA,9,"http://elections.huffingtonpost.com/pollster/polls/quinnipiac-22788","http://www.quinnipiac.edu/images/polling/us/us09242015_ui47mfb.pdf","Nonpartisan","None","Republican","Registered Voters","2015-09-24 22:15:01","1443158101"
"63","Morning Consult","2015-09-18","2015-09-20","2015-09-22 2000-01-01 17:53:47 UTC",1551,"Registered Voters - Republican","Internet",32,12,5,5,11,4,6,3,2,4,1,1,0,1,NA,NA,3,9,"http://elections.huffingtonpost.com/pollster/polls/morning-consult-22771","http://morningconsult.com/wp-content/uploads/2015/09/150907_topline_MERGED-trend_v2_KD.pdf","Nonpartisan","None","Republican","Registered Voters","2015-09-22 17:53:47","1442969627"
"64","Zogby (Internet)","2015-09-18","2015-09-19","2015-09-22 2000-01-01 18:52:41 UTC",405,"Likely Voters - Republican","Internet",33,13,5,4,9,3,7,4,4,2,0,1,1,0,0,NA,2,12,"http://elections.huffingtonpost.com/pollster/polls/zogby-internet-22775","http://www.zogbyanalytics.com/news/649-zogby-poll-trump-widens-lead-after-gop-debate","Nonpartisan","None","Republican","Likely Voters","2015-09-22 18:52:41","1442973161"
"65","CNN","2015-09-17","2015-09-19","2015-09-21 2000-01-01 19:19:45 UTC",924,"Registered Voters - Republican","Live Phone",24,14,6,11,9,3,15,4,2,6,0,1,0,0,0,NA,0,4,"http://elections.huffingtonpost.com/pollster/polls/cnn-22761","http://i2.cdn.turner.com/cnn/2015/images/09/20/rel10a.pdf","Nonpartisan","None","Republican","Registered Voters","2015-09-21 19:19:45","1442888385"
"66","NBC/SurveyMonkey","2015-09-16","2015-09-18","2015-09-22 2000-01-01 05:58:26 UTC",2070,"Registered Voters - Democrat","Internet",29,14,7,7,8,3,11,3,2,2,0,0,0,1,0,NA,3,6,"http://elections.huffingtonpost.com/pollster/polls/nbc-surveymonkey-22768","http://msnbcmedia.msn.com/i/MSNBC/Sections/A_Politics/NBC-SM_ToplinesMethod9%2019.pdf","Nonpartisan","None","Democrat","Registered Voters","2015-09-22 05:58:26","1442926706"
"67","Gravis Marketing/One America News","2015-09-16","2015-09-16","2015-09-18 2000-01-01 22:31:36 UTC",1337,"Likely Voters - Republican","Automated Phone",22,12,6,15,6,4,22,2,4,2,1,1,0,0,1,NA,3,NA,"http://elections.huffingtonpost.com/pollster/polls/gravis-marketing-one-america-news-22755","http://gravismarketing.com/polling-and-market-research/post-debate-poll/","Sponsor","Rep","Republican","Likely Voters","2015-09-18 22:31:36","1442640696"
"68","Ipsos/Reuters","2015-09-12","2015-09-16","2015-09-18 2000-01-01 19:33:27 UTC",532,"Adults - Republican","Internet",35,14,5,3,8,6,2,2,2,7,1,1,0,0,0,NA,4,8,"http://elections.huffingtonpost.com/pollster/polls/ipsos-reuters-22748","http://www.ipsos-na.com/download/pr.aspx?id=14883","Nonpartisan","None","Republican","Adults","2015-09-18 19:33:27","1442630007"
"69","YouGov/Economist","2015-09-11","2015-09-15","2015-09-18 2000-01-01 04:06:51 UTC",436,"Registered Voters - Republican","Internet",33,17,8,7,7,2,6,4,3,2,0,1,1,1,0,0,5,4,"http://elections.huffingtonpost.com/pollster/polls/yougov-economist-22742","https://d25d2506sfb94s.cloudfront.net/cumulus_uploads/document/lq8iyjss0l/econToplines_v1.pdf","Nonpartisan","None","Republican","Registered Voters","2015-09-18 04:06:51","1442574411"
"70","Morning Consult","2015-09-11","2015-09-13","2015-09-18 2000-01-01 03:24:39 UTC",756,"Registered Voters - Republican","Internet",33,17,6,3,9,2,3,5,2,3,1,1,0,2,NA,NA,2,10,"http://elections.huffingtonpost.com/pollster/polls/morning-consult-22738","http://morningconsult.com/wp-content/uploads/2015/09/150904_topline_trend_v1_JW.pdf","Nonpartisan","None","Republican","Registered Voters","2015-09-18 03:24:39","1442571879"
"71","CBS/Times","2015-09-09","2015-09-13","2015-09-18 2000-01-01 03:01:07 UTC",376,"Likely Voters - Republican","Live Phone",27,23,5,6,6,1,4,3,3,6,0,1,0,0,NA,1,2,9,"http://elections.huffingtonpost.com/pollster/polls/cbs-times-22735","http://www.cbsnews.com/news/poll-gop-race-donald-trump-maintains-lead-but-ben-carson-gains/","Nonpartisan","None","Republican","Likely Voters","2015-09-18 03:01:07","1442570467"
"72","ABC/Post","2015-09-07","2015-09-10","2015-09-14 2000-01-01 20:25:47 UTC",342,"Registered Voters - Republican","Live Phone",33,20,7,7,8,1,2,5,3,3,1,1,0,0,0,1,2,5,"http://elections.huffingtonpost.com/pollster/polls/abc-post-22723","http://www.washingtonpost.com/page/2010-2019/WashingtonPost/2015/09/14/National-Politics/Polling/release_409.xml?uuid=QelAQFqVEeWEdXgcyYUWUg","Nonpartisan","None","Republican","Registered Voters","2015-09-14 20:25:47","1442287547"
"73","Ipsos/Reuters","2015-09-05","2015-09-09","2015-09-11 2000-01-01 20:35:48 UTC",469,"Adults - Republican","Internet",35,12,6,4,8,3,2,3,3,5,2,2,1,0,0,2,6,8,"http://elections.huffingtonpost.com/pollster/polls/ipsos-reuters-22709","http://www.ipsos-na.com/news-polls/pressrelease.aspx?id=6984","Nonpartisan","None","Republican","Adults","2015-09-11 20:35:48","1442028948"
"74","Emerson College Polling Society","2015-09-05","2015-09-08","2015-09-10 2000-01-01 18:55:35 UTC",409,"Likely Voters - Republican","Automated Phone",34,20,6,8,12,1,3,1,4,4,NA,NA,0,NA,NA,0,5,2,"http://elections.huffingtonpost.com/pollster/polls/emerson-college-polling-society-22699","http://media.wix.com/ugd/3bebb2_539dbddeed944868b6fc58b193873b4b.pdf","Nonpartisan","None","Republican","Likely Voters","2015-09-10 18:55:35","1441936535"
"75","CNN","2015-09-04","2015-09-08","2015-09-10 2000-01-01 18:22:16 UTC",474,"Registered Voters - Republican","Live Phone",32,19,7,3,9,2,3,3,2,5,1,1,1,0,0,0,5,4,"http://elections.huffingtonpost.com/pollster/polls/cnn-22698","http://i2.cdn.turner.com/cnn/2015/images/09/10/rel9a.-.gop.2016.pdf","Nonpartisan","None","Republican","Registered Voters","2015-09-10 18:22:16","1441934536"
"76","Morning Consult","2015-09-04","2015-09-07","2015-09-11 2000-01-01 01:23:37 UTC",722,"Registered Voters - Republican","Internet",31,18,5,4,9,4,3,2,2,4,1,1,1,0,NA,3,4,9,"http://elections.huffingtonpost.com/pollster/polls/morning-consult-22702","http://morningconsult.com/2015/09/poll-carson-sprints-to-second-as-trumps-lead-softens/","Nonpartisan","None","Republican","Registered Voters","2015-09-11 01:23:37","1441959817"
"77","Monmouth University","2015-08-31","2015-09-02","2015-09-03 2000-01-01 21:13:28 UTC",366,"Registered Voters - Republican","Live Phone",30,18,8,5,8,2,4,2,2,4,0,0,0,0,0,1,3,11,"http://elections.huffingtonpost.com/pollster/polls/monmouth-university-22655","http://www.monmouth.edu/assets/0/32212254770/32212254991/32212254992/32212254994/32212254995/30064771087/6f102b2c-508f-4bc3-8cd9-6f650f4bcc3a.pdf","Nonpartisan","None","Republican","Registered Voters","2015-09-03 21:13:28","1441340008"
"78","Ipsos/Reuters","2015-08-29","2015-09-02","2015-09-05 2000-01-01 01:01:15 UTC",578,"Adults - Republican","Internet",31,15,6,3,12,2,3,2,5,6,1,1,0,0,0,2,5,6,"http://elections.huffingtonpost.com/pollster/polls/ipsos-reuters-22681","http://big.assets.huffingtonpost.com/2015ReutersTrackingCorePolitical9.02.15.pdf","Nonpartisan","None","Republican","Adults","2015-09-05 01:01:15","1441440075"
"79","YouGov/Economist","2015-08-28","2015-09-01","2015-09-04 2000-01-01 00:23:18 UTC",429,"Registered Voters - Republican","Internet",36,11,6,7,8,3,3,4,4,4,1,1,1,NA,0,0,6,5,"http://elections.huffingtonpost.com/pollster/polls/yougov-economist-22658","https://d25d2506sfb94s.cloudfront.net/cumulus_uploads/document/i2pntevdjk/econToplines.pdf","Nonpartisan","None","Republican","Registered Voters","2015-09-04 00:23:18","1441351398"
"80","Morning Consult","2015-08-28","2015-08-30","2015-09-01 2000-01-01 01:13:04 UTC",769,"Registered Voters - Republican","Internet",37,9,4,6,9,3,3,4,2,6,1,2,0,0,NA,1,5,8,"http://elections.huffingtonpost.com/pollster/polls/morning-consult-22639","http://morningconsult.com/2015/08/trump-clinton-lead-primary-matchups-bush-ties-carson-for-runner-up/","Nonpartisan","None","Republican","Registered Voters","2015-09-01 01:13:04","1441095184"
"81","PPP (D)","2015-08-28","2015-08-30","2015-09-01 2000-01-01 18:52:32 UTC",572,"Likely Voters - Republican","IVR/Online",29,15,6,7,9,2,8,1,6,5,0,2,0,0,1,1,5,1,"http://elections.huffingtonpost.com/pollster/polls/ppp-d-22643","http://www.publicpolicypolling.com/pdf/2015/PPP_Release_National_90115.pdf","Pollster","Dem","Republican","Likely Voters","2015-09-01 18:52:32","1441158752"
"82","Ipsos/Reuters","2015-08-22","2015-08-26","2015-08-28 2000-01-01 22:44:47 UTC",412,"Adults - Republican","Internet",30,8,5,5,7,2,5,5,1,10,1,1,1,0,1,3,5,10,"http://elections.huffingtonpost.com/pollster/polls/ipsos-reuters-22625","http://www.ipsos-na.com/news-polls/pressrelease.aspx?id=6965","Nonpartisan","None","Republican","Adults","2015-08-28 22:44:47","1440827087"
"83","Quinnipiac","2015-08-20","2015-08-25","2015-08-27 2000-01-01 20:23:23 UTC",666,"Registered Voters - Republican","Live Phone",28,12,7,7,7,4,5,2,5,3,0,1,0,0,0,1,6,11,"http://elections.huffingtonpost.com/pollster/polls/quinnipiac-22620","http://www.quinnipiac.edu/news-and-events/quinnipiac-university-poll/national/release-detail?ReleaseID=2274","Nonpartisan","None","Republican","Registered Voters","2015-08-27 20:23:23","1440732203"
"84","Gravis Marketing/One America News","2015-08-21","2015-08-22","2015-08-28 2000-01-01 01:14:31 UTC",1211,"Likely Voters - Republican","Automated Phone",40,13,7,5,10,1,5,2,5,4,1,1,1,1,NA,2,4,NA,"http://elections.huffingtonpost.com/pollster/polls/gravis-marketing-one-america-news-22623","http://www.oann.com/trump-breaks-new-ceiling-in-national-gop-poll/","Sponsor","Rep","Republican","Likely Voters","2015-08-28 01:14:31","1440749671"
"85","Ipsos/Reuters","2015-08-15","2015-08-19","2015-08-22 2000-01-01 01:07:31 UTC",291,"Adults - Republican","Internet",29,9,4,4,10,4,5,5,2,7,2,1,1,0,0,4,9,5,"http://elections.huffingtonpost.com/pollster/polls/ipsos-reuters-22595","http://www.ipsos-na.com/news-polls/pressrelease.aspx?id=6956","Nonpartisan","None","Republican","Adults","2015-08-22 01:07:31","1440230851"
"86","Civis Analytics (D)","2015-08-10","2015-08-19","2015-08-27 2000-01-01 19:36:25 UTC",757,"Likely Voters - Republican","Live Phone",16,11,7,7,9,2,3,3,3,7,0,1,0,0,0,2,5,24,"http://elections.huffingtonpost.com/pollster/polls/civis-analytics-d-22618","https://civisanalytics.com/blog/data-science/2015/08/26/republican-primary-poll-august2015/","Pollster","Dem","Republican","Likely Voters","2015-08-27 19:36:25","1440729385"
"87","YouGov/Economist","2015-08-14","2015-08-18","2015-08-24 2000-01-01 22:00:52 UTC",451,"Registered Voters - Republican","Internet",25,11,7,9,9,3,6,3,4,3,1,1,0,0,1,0,9,7,"http://elections.huffingtonpost.com/pollster/polls/yougov-economist-22601","https://d25d2506sfb94s.cloudfront.net/cumulus_uploads/document/zvg9hui4lt/econToplines.pdf","Nonpartisan","None","Republican","Registered Voters","2015-08-24 22:00:52","1440478852"
"88","Morning Consult","2015-08-14","2015-08-16","2015-08-18 2000-01-01 20:07:58 UTC",783,"Registered Voters - Republican","Internet",32,7,5,6,12,4,4,4,3,6,1,1,1,0,NA,2,3,11,"http://elections.huffingtonpost.com/pollster/polls/morning-consult-22573","http://morningconsult.com/2015/08/trump-leads-gop-field-fiorina-rises-as-walker-fades/","Nonpartisan","None","Republican","Registered Voters","2015-08-18 20:07:58","1439953678"
"89","CNN","2015-08-13","2015-08-16","2015-08-18 2000-01-01 18:08:54 UTC",506,"Registered Voters - Republican","Live Phone",24,9,5,8,13,3,5,6,5,4,0,1,0,0,0,2,8,4,"http://elections.huffingtonpost.com/pollster/polls/cnn-22572","http://i2.cdn.turner.com/cnn/2015/images/08/17/rel8a.-.gop.2016.pdf","Nonpartisan","None","Republican","Registered Voters","2015-08-18 18:08:54","1439946534"
"90","FOX","2015-08-11","2015-08-13","2015-08-17 2000-01-01 19:09:50 UTC",381,"Likely Voters - Republican","Live Phone",25,12,10,4,9,3,5,3,4,6,1,1,0,1,0,1,6,7,"http://elections.huffingtonpost.com/pollster/polls/fox-22562","http://www.foxnews.com/politics/interactive/2015/08/14/fox-news-poll-sanders-gains-on-clinton/","Nonpartisan","None","Republican","Likely Voters","2015-08-17 19:09:50","1439863790"
"91","Ipsos/Reuters","2015-08-08","2015-08-12","2015-08-14 2000-01-01 21:17:02 UTC",457,"Adults - Republican","Internet",21,8,5,8,12,3,6,6,1,7,2,1,2,1,NA,2,5,10,"http://elections.huffingtonpost.com/pollster/polls/ipsos-reuters-22559","http://www.ipsos-na.com/download/pr.aspx?id=14767","Nonpartisan","None","Republican","Adults","2015-08-14 21:17:02","1439612222"
"92","Rasmussen","2015-08-09","2015-08-10","2015-08-12 2000-01-01 01:40:22 UTC",651,"Likely Voters - Republican","Automated Phone",17,8,7,10,10,4,9,4,4,3,1,1,1,0,1,1,9,11,"http://elections.huffingtonpost.com/pollster/polls/rasmussen-22544","http://www.rasmussenreports.com/public_content/politics/elections/election_2016/has_the_donald_peaked","Nonpartisan","None","Republican","Likely Voters","2015-08-12 01:40:22","1439368822"
"93","Ipsos/Reuters","2015-08-06","2015-08-10","2015-08-11 2000-01-01 00:21:44 UTC",278,"Adults - Republican","Internet",24,8,5,8,12,1,6,3,4,8,1,1,3,0,NA,1,7,8,"http://elections.huffingtonpost.com/pollster/polls/ipsos-reuters-22529","http://big.assets.huffingtonpost.com/2015ReutersTracking08.10.2015.pdf","Nonpartisan","None","Republican","Adults","2015-08-11 00:21:44","1439277704"
"94","Morning Consult","2015-08-07","2015-08-09","2015-08-10 2000-01-01 21:38:34 UTC",746,"Registered Voters - Republican","Internet",32,9,4,6,11,4,3,5,3,4,1,1,1,0,NA,1,6,8,"http://elections.huffingtonpost.com/pollster/polls/morning-consult-22526","http://big.assets.huffingtonpost.com/150802_topline_trend_v4_KD.pdf","Nonpartisan","None","Republican","Registered Voters","2015-08-10 21:38:34","1439267914"
"95","NBC/SurveyMonkey","2015-08-07","2015-08-08","2015-08-10 2000-01-01 20:33:47 UTC",1591,"Registered Voters - Republican","Internet",23,11,13,8,7,1,8,5,2,4,1,0,1,0,0,2,7,6,"http://elections.huffingtonpost.com/pollster/polls/nbc-surveymonkey-22522","http://msnbcmedia.msn.com/i/MSNBC/Sections/A_Politics/NBC-SM%20Post%20Debate%20Poll%208%2009%2015.pdf","Nonpartisan","None","Republican","Registered Voters","2015-08-10 20:33:47","1439264027"
"96","Ipsos/Reuters","2015-08-01","2015-08-05","2015-08-07 2000-01-01 01:31:53 UTC",344,"Adults - Republican","Internet",24,5,6,4,16,3,1,7,3,5,1,2,3,0,NA,4,12,6,"http://elections.huffingtonpost.com/pollster/polls/ipsos-reuters-22515","http://ipsos-na.com/news-polls/pressrelease.aspx?id=6931","Nonpartisan","None","Republican","Adults","2015-08-07 01:31:53","1438936313"
"97","Zogby (Internet)/ University of Akron","2015-08-03","2015-08-04","2015-08-05 2000-01-01 21:11:30 UTC",565,"Likely Voters - Republican","Internet",26,2,5,3,17,3,1,3,1,3,2,1,0,1,0,2,5,25,"http://elections.huffingtonpost.com/pollster/polls/zogby-internet-university-of-akron-22495","http://www.uakron.edu/dotAsset/fb6aadf4-05ff-4956-a26b-447bfb7fd28f.pdf","Nonpartisan","None","Republican","Likely Voters","2015-08-05 21:11:30","1438834290"
"98","YouGov/Economist","2015-07-31","2015-08-04","2015-08-07 2000-01-01 21:46:40 UTC",424,"Registered Voters - Republican","Internet",26,6,6,8,12,4,2,6,1,3,3,0,1,0,0,2,14,4,"http://elections.huffingtonpost.com/pollster/polls/yougov-economist-22516","https://today.yougov.com/news/2015/08/05/gop-debate-trumps-moment/","Nonpartisan","None","Republican","Registered Voters","2015-08-07 21:46:40","1439009200"
"99","Morning Consult","2015-07-31","2015-08-03","2015-08-05 2000-01-01 01:23:17 UTC",783,"Registered Voters - Republican","Internet",25,7,7,6,12,3,1,5,2,5,3,2,0,1,NA,3,8,10,"http://elections.huffingtonpost.com/pollster/polls/morning-consult-22487","http://big.assets.huffingtonpost.com/150706_crosstabs_trend_v1_JW.pdf","Nonpartisan","None","Republican","Registered Voters","2015-08-05 01:23:17","1438762997"
"100","FOX","2015-07-30","2015-08-02","2015-08-04 2000-01-01 02:31:58 UTC",475,"Likely Voters - Republican","Live Phone",26,7,6,5,15,3,2,5,3,6,1,2,0,0,0,1,9,7,"http://elections.huffingtonpost.com/pollster/polls/fox-22473","http://www.foxnews.com/politics/interactive/2015/08/03/poll-new-high-for-trump-new-low-for-clinton/","Nonpartisan","None","Republican","Likely Voters","2015-08-04 02:31:58","1438680718"
"101","Monmouth University","2015-07-30","2015-08-02","2015-08-03 2000-01-01 19:29:52 UTC",423,"Registered Voters - Republican","Live Phone",26,5,6,4,12,4,2,4,3,6,1,1,1,0,0,2,11,11,"http://elections.huffingtonpost.com/pollster/polls/monmouth-university-22461","http://www.monmouth.edu/assets/0/32212254770/32212254991/32212254992/32212254994/32212254995/30064771087/67f674c8-fd4a-4a93-afbc-8b246a83da56.pdf","Nonpartisan","None","Republican","Registered Voters","2015-08-03 19:29:52","1438655392"
"102","Bloomberg/Selzer","2015-07-30","2015-08-02","2015-08-04 2000-01-01 19:22:50 UTC",500,"Registered Voters - Republican","Live Phone",21,5,4,6,10,4,1,5,4,7,1,2,1,0,0,2,8,18,"http://elections.huffingtonpost.com/pollster/polls/bloomberg-selzer-22475","http://images.businessweek.com/cms/2015-08-04/8302475320_tue.pdf","Nonpartisan","None","Republican","Registered Voters","2015-08-04 19:22:50","1438741370"
"103","CBS","2015-07-29","2015-08-02","2015-08-04 2000-01-01 20:36:21 UTC",408,"Likely Voters - Republican","Live Phone",24,6,6,6,13,3,0,4,1,8,2,1,1,1,1,2,10,12,"http://elections.huffingtonpost.com/pollster/polls/cbs-22476","http://www.scribd.com/doc/273490309/CBS-News-GOP-presidential-candidates-poll","Nonpartisan","None","Republican","Likely Voters","2015-08-04 20:36:21","1438745781"
"104","NBC/WSJ","2015-07-26","2015-07-30","2015-08-03 2000-01-01 01:44:59 UTC",252,"Likely Voters - Republican","Live Phone",19,10,9,5,14,3,0,6,3,6,1,1,0,0,0,3,15,5,"http://elections.huffingtonpost.com/pollster/polls/nbc-wsj-22460","http://msnbcmedia.msn.com/i/MSNBC/Components/Photo/_new/15313JulyNBCWSJPOLL.pdf","Nonpartisan","None","Republican","Likely Voters","2015-08-03 01:44:59","1438591499"
"105","Gravis Marketing/One America News","2015-07-29","2015-07-29","2015-08-05 2000-01-01 22:47:03 UTC",732,"Likely Voters - Republican","Automated Phone",31,6,6,5,13,3,2,4,5,6,0,2,1,0,NA,3,13,NA,"http://elections.huffingtonpost.com/pollster/polls/gravis-marketing-one-america-news-22497","http://www.oann.com/pollnational/","Sponsor","Rep","Republican","Likely Voters","2015-08-05 22:47:03","1438840023"
"106","Rasmussen","2015-07-28","2015-07-29","2015-08-05 2000-01-01 19:19:16 UTC",471,"Likely Voters - Republican","Automated Phone",26,5,7,5,10,2,1,3,5,7,2,2,1,1,NA,2,14,7,"http://elections.huffingtonpost.com/pollster/polls/rasmussen-22490","http://www.rasmussenreports.com/public_content/politics/elections/election_2016/trump_is_well_ahead_as_first_debate_looms","Nonpartisan","None","Republican","Likely Voters","2015-08-05 19:19:16","1438827556"
"107","Ipsos/Reuters","2015-07-25","2015-07-29","2015-08-05 2000-01-01 00:43:28 UTC",409,"Adults - Republican","Internet",27,6,3,5,11,4,2,7,4,5,2,2,2,2,NA,3,7,8,"http://elections.huffingtonpost.com/pollster/polls/ipsos-reuters-22486","http://www.ipsos-na.com/news-polls/pressrelease.aspx?id=6928","Nonpartisan","None","Republican","Adults","2015-08-05 00:43:28","1438760608"
"108","Emerson College Polling Society","2015-07-26","2015-07-28","2015-08-11 2000-01-01 20:17:22 UTC",476,"Likely Voters - Republican","Automated Phone",31,5,8,4,15,2,3,4,2,6,0,1,0,0,NA,0,13,7,"http://elections.huffingtonpost.com/pollster/polls/emerson-college-polling-society-22537","http://media.wix.com/ugd/3bebb2_6f8188f5b1ac4e45bd6a2bd76268e55a.pdf","Nonpartisan","None","Republican","Likely Voters","2015-08-11 20:17:22","1439349442"
"109","Quinnipiac","2015-07-23","2015-07-28","2015-08-03 2000-01-01 00:50:33 UTC",710,"Registered Voters - Republican","Live Phone",20,6,5,6,10,3,1,6,5,6,2,1,1,1,0,2,13,13,"http://elections.huffingtonpost.com/pollster/polls/quinnipiac-22459","http://www.quinnipiac.edu/news-and-events/quinnipiac-university-poll/national/release-detail?ReleaseID=2264","Nonpartisan","None","Republican","Registered Voters","2015-08-03 00:50:33","1438588233"
"110","Morning Consult","2015-07-23","2015-07-27","2015-07-29 2000-01-01 21:10:26 UTC",750,"Registered Voters - Republican","Internet",24,8,4,5,13,5,1,3,4,4,1,2,1,1,NA,1,9,NA,"http://elections.huffingtonpost.com/pollster/polls/morning-consult-22452","http://morningconsult.com/2015/07/week-before-debate-trump-has-the-lead/","Nonpartisan","None","Republican","Registered Voters","2015-07-29 21:10:26","1438229426"
"111","CNN","2015-07-22","2015-07-25","2015-07-27 2000-01-01 22:01:00 UTC",419,"Likely Voters - Republican","Live Phone",18,4,6,7,15,4,1,6,4,5,2,2,1,1,0,3,10,7,"http://elections.huffingtonpost.com/pollster/polls/cnn-22434","http://www.cnn.com/2015/07/26/politics/cnn-orc-data/index.html","Nonpartisan","None","Republican","Likely Voters","2015-07-27 22:01:00","1438059660"
"112","PPP (D)","2015-07-20","2015-07-21","2015-07-23 2000-01-01 17:55:26 UTC",524,"Likely Voters - Republican","IVR/Online",19,10,4,10,12,3,4,4,3,8,1,1,0,0,0,1,17,2,"http://elections.huffingtonpost.com/pollster/polls/ppp-d-22415","http://www.publicpolicypolling.com/pdf/2015/PPP_Release_National_72215.pdf","Pollster","Dem","Republican","Likely Voters","2015-07-23 17:55:26","1437699326"
"113","YouGov/Economist","2015-07-18","2015-07-20","2015-07-24 2000-01-01 23:47:03 UTC",228,"Registered Voters - Republican","Internet",28,7,4,4,14,3,3,5,2,3,1,1,2,0,NA,2,13,8,"http://elections.huffingtonpost.com/pollster/polls/yougov-economist-22430","https://d25d2506sfb94s.cloudfront.net/cumulus_uploads/document/dvxmmch9lj/econTabReport2.pdf","Nonpartisan","None","Republican","Registered Voters","2015-07-24 23:47:03","1437806823"
"114","Morning Consult","2015-07-17","2015-07-20","2015-07-21 2000-01-01 23:09:47 UTC",754,"Registered Voters - Republican","Internet",22,8,4,6,15,4,2,5,NA,7,NA,NA,NA,NA,NA,NA,12,12,"http://elections.huffingtonpost.com/pollster/polls/morning-consult-22405","http://big.assets.huffingtonpost.com/MCTOPLINE.pdf","Nonpartisan","None","Republican","Registered Voters","2015-07-21 23:09:47","1437545387"
"115","ABC/Post","2015-07-16","2015-07-19","2015-07-21 2000-01-01 01:22:48 UTC",341,"Registered Voters - Republican","Live Phone",24,6,4,7,12,3,0,6,2,8,2,1,0,1,NA,4,13,7,"http://elections.huffingtonpost.com/pollster/polls/abc-post-22400","http://apps.washingtonpost.com/g/page/politics/washington-post-abc-news-poll-july-16-19-2015/1778/","Nonpartisan","None","Republican","Registered Voters","2015-07-21 01:22:48","1437466968"
"116","Wilson Perkins Allen Opinion Research (R-Cruz)","2015-07-14","2015-07-15","2015-07-28 2000-01-01 01:30:19 UTC",800,"Likely Voters","Live Phone",15,8,8,6,11,NA,NA,4,NA,5,NA,NA,NA,NA,NA,NA,17,16,"http://elections.huffingtonpost.com/pollster/polls/wilson-perkins-allen-opinion-research-r-cruz-22446","http://www.nationaljournal.com/off-to-the-races/a-new-poll-shows-the-contours-of-the-gop-field-20150723","Sponsor","Rep",NA,"Likely ","2015-07-28 01:30:19","1438072219"
"117","FOX","2015-07-13","2015-07-15","2015-07-17 2000-01-01 02:36:39 UTC",389,"Likely Voters - Republican","Live Phone",18,6,4,7,14,3,1,8,2,4,0,2,0,0,NA,1,15,9,"http://elections.huffingtonpost.com/pollster/polls/fox-22386","http://www.foxnews.com/politics/interactive/2015/07/16/fox-news-poll-trust-in-iran-nearly-triples-among-democrats-clinton-nature-is-to/","Nonpartisan","None","Republican","Likely Voters","2015-07-17 02:36:39","1437125799"
"118","Lincoln Park Strategies (D)","2015-07-09","2015-07-14","2015-07-21 2000-01-01 19:25:50 UTC",297,"Likely Voters - Republican","Internet",22,6,9,6,13,4,1,5,1,5,0,2,0,0,NA,3,8,16,"http://elections.huffingtonpost.com/pollster/polls/lincoln-park-strategies-d-22402","http://www.lpstrategies.com/wp-content/uploads/2015/07/National-Omnibus-July-2015-MQ-for-Website.pdf","Nonpartisan","None","Republican","Likely Voters","2015-07-21 19:25:50","1437531950"
"119","Morning Consult","2015-07-08","2015-07-13","2015-07-22 2000-01-01 00:00:48 UTC",762,"Registered Voters - Republican","Internet",17,5,6,9,19,6,2,8,NA,6,NA,NA,NA,NA,NA,NA,7,13,"http://elections.huffingtonpost.com/pollster/polls/morning-consult-22406","http://morningconsult.com/2015/07/republican-voters-like-trump-more-than-boehner-mcconnell/","Nonpartisan","None","Republican","Registered Voters","2015-07-22 00:00:48","1437548448"
"120","Monmouth University","2015-07-09","2015-07-12","2015-07-13 2000-01-01 19:11:08 UTC",336,"Registered Voters - Republican","Live Phone",13,6,9,6,15,2,1,6,1,7,2,2,1,1,0,2,7,19,"http://elections.huffingtonpost.com/pollster/polls/monmouth-university-22371","http://www.monmouth.edu/assets/0/32212254770/32212254991/32212254992/32212254994/32212254995/30064771087/d56c8128-f211-4a0e-a413-f4716c83cf65.pdf","Nonpartisan","None","Republican","Registered Voters","2015-07-13 19:11:08","1436839868"
"121","Suffolk/USA Today","2015-07-09","2015-07-12","2015-07-15 2000-01-01 02:48:40 UTC",349,"Likely Voters - Republican","Live Phone",17,4,6,5,14,3,1,4,1,4,1,1,0,0,NA,1,8,30,"http://elections.huffingtonpost.com/pollster/polls/suffolk-usa-today-22376","http://www.suffolk.edu/documents/SUPRC/7_14_2015_marginals.pdf","Nonpartisan","None","Republican","Likely Voters","2015-07-15 02:48:40","1436953720"
"122","YouGov/Economist","2015-07-04","2015-07-06","2015-07-10 2000-01-01 01:26:41 UTC",226,"Registered Voters - Republican","Internet",15,7,4,9,11,6,3,11,2,9,2,2,0,0,NA,3,9,5,"http://elections.huffingtonpost.com/pollster/polls/yougov-economist-22360","https://today.yougov.com/news/2015/07/09/gop-frontrunner-donald-trump/","Nonpartisan","None","Republican","Registered Voters","2015-07-10 01:26:41","1436516801"
"123","YouGov/Economist","2015-06-27","2015-06-29","2015-07-08 2000-01-01 22:58:40 UTC",246,"Registered Voters - Republican","Internet",11,9,4,10,14,3,6,11,2,6,3,1,2,0,NA,2,12,5,"http://elections.huffingtonpost.com/pollster/polls/yougov-economist-22352","https://d25d2506sfb94s.cloudfront.net/cumulus_uploads/document/enwytihwse/econTabReport.pdf","Nonpartisan","None","Republican","Registered Voters","2015-07-08 22:58:40","1436421520"
"124","CNN","2015-06-26","2015-06-28","2015-07-01 2000-01-01 18:33:34 UTC",407,"Likely Voters - Republican","Live Phone",12,8,3,7,17,3,1,8,3,5,2,4,1,0,NA,4,6,9,"http://elections.huffingtonpost.com/pollster/polls/cnn-22330","http://i2.cdn.turner.com/cnn/2015/images/06/30/trumpbushclinton.pdf","Nonpartisan","None","Republican","Likely Voters","2015-07-01 18:33:34","1435800814"
"125","FOX","2015-06-21","2015-06-23","2015-06-25 2000-01-01 19:39:57 UTC",378,"Registered Voters - Republican","Live Phone",11,10,4,8,15,2,3,9,2,6,2,3,1,1,NA,2,9,9,"http://elections.huffingtonpost.com/pollster/polls/fox-22300","http://www.foxnews.com/politics/interactive/2015/06/24/0624152016iranweb/","Nonpartisan","None","Republican","Registered Voters","2015-06-25 19:39:57","1435286397"
"126","YouGov/Economist","2015-06-20","2015-06-22","2015-06-25 2000-01-01 23:20:39 UTC",235,"Registered Voters - Republican","Internet",11,10,9,11,10,2,3,11,2,6,0,2,2,0,NA,2,10,8,"http://elections.huffingtonpost.com/pollster/polls/yougov-economist-22306","https://d25d2506sfb94s.cloudfront.net/cumulus_uploads/document/iay0mr88pc/econTabReport.pdf","Nonpartisan","None","Republican","Registered Voters","2015-06-25 23:20:39","1435299639"
"127","NBC/WSJ","2015-06-14","2015-06-18","2015-06-23 2000-01-01 00:24:58 UTC",236,"Likely Voters - Republican","Live Phone",1,11,4,14,22,4,2,7,1,9,0,0,1,0,NA,5,17,1,"http://elections.huffingtonpost.com/pollster/polls/nbc-wsj-22284","http://online.wsj.com/public/resources/documents/WSJNBCpoll06222015.pdf","Nonpartisan","None","Republican","Likely Voters","2015-06-23 00:24:58","1435044298"
"128","YouGov/Economist","2015-06-13","2015-06-15","2015-06-19 2000-01-01 19:38:31 UTC",235,"Registered Voters - Republican","Internet",2,9,3,10,14,4,6,9,4,7,1,3,0,0,NA,7,9,11,"http://elections.huffingtonpost.com/pollster/polls/yougov-economist-22276","https://d25d2506sfb94s.cloudfront.net/cumulus_uploads/document/ttjqflfkfd/econTabReport.pdf","Nonpartisan","None","Republican","Registered Voters","2015-06-19 19:38:31","1434767911"
"129","Monmouth University","2015-06-11","2015-06-14","2015-06-15 2000-01-01 18:57:24 UTC",351,"Registered Voters - Republican","Live Phone",2,11,5,9,9,4,2,6,1,8,1,3,2,0,NA,4,10,22,"http://elections.huffingtonpost.com/pollster/polls/monmouth-university-22246","http://www.monmouth.edu/assets/0/32212254770/32212254991/32212254992/32212254994/32212254995/30064771087/1c2a9e72-6933-46c4-9d68-87d264821039.pdf","Nonpartisan","None","Republican","Registered Voters","2015-06-15 18:57:24","1434419844"
"130","PPP (D)","2015-06-11","2015-06-14","2015-06-17 2000-01-01 18:33:48 UTC",492,"Likely Voters - Republican","IVR/Online",NA,12,8,13,15,4,5,8,NA,11,NA,NA,NA,NA,NA,NA,17,9,"http://elections.huffingtonpost.com/pollster/polls/ppp-d-22258","http://www.publicpolicypolling.com/pdf/2015/PPP_Release_National_61615.pdf","Pollster","Dem","Republican","Likely Voters","2015-06-17 18:33:48","1434591228"
"131","YouGov/Economist","2015-06-06","2015-06-08","2015-06-15 2000-01-01 20:31:52 UTC",343,"Registered Voters - Republican","Internet",NA,10,7,10,8,5,7,9,2,7,1,4,5,0,NA,2,7,14,"http://elections.huffingtonpost.com/pollster/polls/yougov-economist-22247","https://d25d2506sfb94s.cloudfront.net/cumulus_uploads/document/uxmx78ih3n/econTabReport.pdf","Nonpartisan","None","Republican","Registered Voters","2015-06-15 20:31:52","1434425512"
"132","FOX","2015-05-31","2015-06-02","2015-06-04 2000-01-01 19:00:34 UTC",370,"Registered Voters - Republican","Live Phone",4,11,8,7,12,5,2,9,2,6,1,2,2,2,NA,4,12,10,"http://elections.huffingtonpost.com/pollster/polls/fox-22210","http://www.foxnews.com/politics/interactive/2015/06/11/fox-news-poll-summer-vacation-and-2016-presidential-candidates-88883845/","Nonpartisan","None","Republican","Registered Voters","2015-06-04 19:00:34","1433469634"
"133","YouGov/Economist","2015-05-30","2015-06-01","2015-06-05 2000-01-01 22:05:57 UTC",255,"Registered Voters - Republican","Internet",NA,6,7,8,15,2,5,10,3,9,1,3,1,0,NA,2,12,14,"http://elections.huffingtonpost.com/pollster/polls/yougov-economist-22218","https://d25d2506sfb94s.cloudfront.net/cumulus_uploads/document/whzwibgmkd/econTabReport.pdf","Nonpartisan","None","Republican","Registered Voters","2015-06-05 22:05:57","1433567157"
"134","CNN","2015-05-29","2015-05-31","2015-06-02 2000-01-01 20:14:56 UTC",483,"Adults - Republican","Live Phone",3,7,8,14,13,4,1,8,1,10,1,2,1,3,NA,5,10,3,"http://elections.huffingtonpost.com/pollster/polls/cnn-22199","http://i2.cdn.turner.com/cnn/2015/images/06/01/2016.poll.pdf","Nonpartisan","None","Republican","Adults","2015-06-02 20:14:56","1433301296"
"135","ABC/Post","2015-05-28","2015-05-31","2015-06-02 2000-01-01 20:49:13 UTC",362,"Registered Voters - Republican","Live Phone",4,8,8,10,10,6,2,11,3,9,0,4,1,1,NA,2,11,8,"http://elections.huffingtonpost.com/pollster/polls/abc-post-22200","http://apps.washingtonpost.com/g/page/politics/washington-post-abc-news-poll-may-28-31-2015/1718/","Nonpartisan","None","Republican","Registered Voters","2015-06-02 20:49:13","1433303353"
"136","Quinnipiac","2015-05-19","2015-05-26","2015-05-28 2000-01-01 21:52:59 UTC",679,"Registered Voters - Republican","Live Phone",5,10,6,10,10,4,2,7,2,10,1,0,1,0,NA,1,10,21,"http://elections.huffingtonpost.com/pollster/polls/quinnipiac-22181","http://www.quinnipiac.edu/images/polling/us/us05282015_U32trdf.pdf","Nonpartisan","None","Republican","Registered Voters","2015-05-28 21:52:59","1432875179"
"137","YouGov/Economist","2015-05-23","2015-05-25","2015-05-29 2000-01-01 01:14:54 UTC",209,"Registered Voters - Republican","Internet",NA,12,6,16,10,3,2,9,1,10,2,0,1,NA,NA,4,13,7,"http://elections.huffingtonpost.com/pollster/polls/yougov-economist-22188","https://d25d2506sfb94s.cloudfront.net/cumulus_uploads/document/olylop8wkh/econTabReport.pdf","Nonpartisan","None","Republican","Registered Voters","2015-05-29 01:14:54","1432887294"
"138","YouGov/Economist","2015-05-16","2015-05-18","2015-05-21 2000-01-01 00:50:28 UTC",229,"Registered Voters - Republican","Internet",NA,11,4,12,7,7,2,10,4,9,1,1,1,NA,NA,2,17,11,"http://elections.huffingtonpost.com/pollster/polls/yougov-economist-22155","https://d25d2506sfb94s.cloudfront.net/cumulus_uploads/document/nm33fk7pqr/econTabReport.pdf","Nonpartisan","None","Republican","Registered Voters","2015-05-21 00:50:28","1432194628"
"139","Robert Morris University","2015-05-08","2015-05-16","2015-06-04 2000-01-01 23:18:44 UTC",255,"Adults - Republican","Internet",NA,7,7,15,15,8,NA,2,NA,8,NA,1,NA,NA,NA,NA,14,NA,"http://elections.huffingtonpost.com/pollster/polls/robert-morris-university-22215","http://www.rmu.edu/News.aspx?id=1060","Nonpartisan","None","Republican","Adults","2015-06-04 23:18:44","1433485124"
"140","FOX","2015-05-09","2015-05-12","2015-05-14 2000-01-01 19:14:57 UTC",413,"Registered Voters - Republican","Live Phone",4,13,6,9,13,6,1,7,2,10,1,2,0,0,NA,2,11,10,"http://elections.huffingtonpost.com/pollster/polls/fox-22132","http://www.foxnews.com/politics/interactive/2015/05/13/fox-news-polls-huckabee-seen-as-more-ethical-than-most-clintons-favorable-slips/","Nonpartisan","None","Republican","Registered Voters","2015-05-14 19:14:57","1431656097"
"141","YouGov/Economist","2015-05-09","2015-05-11","2015-05-18 2000-01-01 19:00:58 UTC",246,"Registered Voters - Republican","Internet",NA,9,8,17,10,3,4,6,1,11,1,2,1,NA,NA,1,14,9,"http://elections.huffingtonpost.com/pollster/polls/yougov-economist-22145","https://d25d2506sfb94s.cloudfront.net/cumulus_uploads/document/ihh96gmssm/econTabReport.pdf","Nonpartisan","None","Republican","Registered Voters","2015-05-18 19:00:58","1432000858"
"142","PPP (D)","2015-05-07","2015-05-10","2015-05-13 2000-01-01 20:59:19 UTC",685,"Likely Voters - Republican","IVR/Online",NA,12,10,13,11,5,NA,9,NA,12,NA,NA,NA,NA,NA,2,18,7,"http://elections.huffingtonpost.com/pollster/polls/ppp-d-22128","http://www.publicpolicypolling.com/pdf/2015/PPP_Release_National_51315.pdf","Pollster","Dem","Republican","Likely Voters","2015-05-13 20:59:19","1431575959"
"143","YouGov/Economist","2015-05-02","2015-05-04","2015-05-07 2000-01-01 02:08:35 UTC",218,"Registered Voters - Republican","Internet",NA,4,7,11,14,7,0,9,5,7,0,1,0,NA,NA,6,16,9,"http://elections.huffingtonpost.com/pollster/polls/yougov-economist-22109","https://d25d2506sfb94s.cloudfront.net/cumulus_uploads/document/bjly8n5o7b/econToplines.pdf","Nonpartisan","None","Republican","Registered Voters","2015-05-07 02:08:35","1430989715"
"144","NBC/WSJ","2015-04-26","2015-04-30","2015-05-05 2000-01-01 17:31:12 UTC",251,"Likely Voters - Republican","Live Phone",NA,7,11,18,23,5,1,11,NA,5,NA,NA,NA,NA,NA,2,14,3,"http://elections.huffingtonpost.com/pollster/polls/nbc-wsj-22096","http://online.wsj.com/public/resources/documents/WSJNBCpoll05042015.pdf","Nonpartisan","None","Republican","Likely Voters","2015-05-05 17:31:12","1430872272"
"145","YouGov/Economist","2015-04-25","2015-04-27","2015-05-01 2000-01-01 23:25:02 UTC",233,"Registered Voters - Republican","Internet",NA,5,7,17,9,5,2,8,2,6,2,1,2,NA,NA,2,19,9,"http://elections.huffingtonpost.com/pollster/polls/yougov-economist-22090","https://d25d2506sfb94s.cloudfront.net/cumulus_uploads/document/1i8b982g6q/econToplines.pdf","Nonpartisan","None","Republican","Registered Voters","2015-05-01 23:25:02","1430547902"
"146","FOX","2015-04-19","2015-04-21","2015-04-24 2000-01-01 16:40:24 UTC",383,"Registered Voters - Republican","Live Phone",5,6,8,13,9,6,0,10,2,9,1,1,1,1,NA,2,12,9,"http://elections.huffingtonpost.com/pollster/polls/fox-22059","http://www.foxnews.com/politics/interactive/2015/04/23/fox-news-poll-042315/","Nonpartisan","None","Republican","Registered Voters","2015-04-24 16:40:24","1429918824"
"147","Quinnipiac","2015-04-16","2015-04-21","2015-04-23 2000-01-01 18:55:11 UTC",567,"Registered Voters - Republican","Live Phone",NA,3,9,15,13,7,1,8,2,7,1,2,2,NA,NA,3,11,15,"http://elections.huffingtonpost.com/pollster/polls/quinnipiac-22054","http://www.quinnipiac.edu/images/polling/us/us04232015_Uknh62d.pdf","Nonpartisan","None","Republican","Registered Voters","2015-04-23 18:55:11","1429840511"
"148","YouGov/Economist","2015-04-18","2015-04-20","2015-04-23 2000-01-01 20:19:36 UTC",220,"Registered Voters - Republican","Internet",NA,10,11,9,13,6,1,11,1,5,2,1,0,NA,NA,2,15,10,"http://elections.huffingtonpost.com/pollster/polls/yougov-economist-22055","https://d25d2506sfb94s.cloudfront.net/cumulus_uploads/document/3nogobkv8t/econToplines.pdf","Nonpartisan","None","Republican","Registered Voters","2015-04-23 20:19:36","1429845576"
"149","CNN","2015-04-16","2015-04-19","2015-04-20 2000-01-01 18:02:18 UTC",435,"Adults - Republican","Live Phone",NA,4,7,11,17,4,2,11,2,9,2,3,2,0,NA,3,12,7,"http://elections.huffingtonpost.com/pollster/polls/cnn-22036","http://i2.cdn.turner.com/cnn/2015/images/04/20/cnnorc2016poll04202015.pdf","Nonpartisan","None","Republican","Adults","2015-04-20 18:02:18","1429578138"
"150","YouGov/Economist","2015-04-11","2015-04-13","2015-04-16 2000-01-01 00:21:33 UTC",228,"Registered Voters - Republican","Internet",NA,7,13,7,12,4,3,13,2,4,1,2,2,NA,NA,4,14,12,"http://elections.huffingtonpost.com/pollster/polls/yougov-economist-22021","https://d25d2506sfb94s.cloudfront.net/cumulus_uploads/document/22yxwjir5z/econToplines.pdf","Nonpartisan","None","Republican","Registered Voters","2015-04-16 00:21:33","1429168893"
"151","Monmouth University","2015-03-30","2015-04-02","2015-04-06 2000-01-01 20:46:54 UTC",355,"Registered Voters - Republican","Live Phone",7,7,11,5,13,5,1,6,1,9,1,1,1,0,NA,5,11,16,"http://elections.huffingtonpost.com/pollster/polls/monmouth-university-21979","http://www.monmouth.edu/assets/0/32212254770/32212254991/32212254992/32212254994/32212254995/30064771087/597ba39c-825d-4da6-9fe8-ab47201b82fe.pdf","Nonpartisan","None","Republican","Registered Voters","2015-04-06 20:46:54","1428378414"
"152","FOX","2015-03-29","2015-03-31","2015-04-03 2000-01-01 21:16:49 UTC",379,"Registered Voters - Republican","Live Phone",3,11,10,8,12,4,1,9,1,10,2,2,0,1,NA,3,15,6,"http://elections.huffingtonpost.com/pollster/polls/fox-21968","http://www.foxnews.com/politics/interactive/2015/04/02/fox-news-poll-more-families-feel-worse-than-better-as-result-obamacare-walker/","Nonpartisan","None","Republican","Registered Voters","2015-04-03 21:16:49","1428121009"
"153","PPP (D)","2015-03-26","2015-03-31","2015-04-01 2000-01-01 20:59:10 UTC",443,"Likely Voters - Republican","IVR/Online",NA,10,16,6,17,4,NA,10,NA,6,NA,NA,NA,NA,NA,3,20,8,"http://elections.huffingtonpost.com/pollster/polls/ppp-d-21958","http://www.publicpolicypolling.com/pdf/2015/PPP_National_40115.pdf","Pollster","Dem","Republican","Likely Voters","2015-04-01 20:59:10","1427947150"
"154","ABC/Post","2015-03-26","2015-03-29","2015-04-02 2000-01-01 21:14:39 UTC",444,"Registered Voters - Republican","Live Phone",NA,6,12,8,21,7,1,8,1,8,1,2,1,NA,NA,2,13,8,"http://elections.huffingtonpost.com/pollster/polls/abc-post-21963","http://www.washingtonpost.com/page/2010-2019/WashingtonPost/2015/04/02/National-Politics/Polling/release_393.xml","Nonpartisan","None","Republican","Registered Voters","2015-04-02 21:14:39","1428034479"
"155","YouGov/Economist","2015-03-21","2015-03-23","2015-03-27 2000-01-01 20:44:33 UTC",235,"Registered Voters - Republican","Internet",NA,10,8,5,14,6,3,5,2,5,2,1,1,NA,NA,5,19,11,"http://elections.huffingtonpost.com/pollster/polls/yougov-economist-21931","https://d25d2506sfb94s.cloudfront.net/cumulus_uploads/document/onbotxemly/econToplines.pdf","Nonpartisan","None","Republican","Registered Voters","2015-03-27 20:44:33","1427514273"
"156","CNN","2015-03-13","2015-03-15","2015-03-19 2000-01-01 00:55:37 UTC",450,"Adults - Republican","Live Phone",NA,9,4,7,16,7,0,12,2,10,1,1,1,NA,NA,4,13,9,"http://elections.huffingtonpost.com/pollster/polls/cnn-21887","http://i2.cdn.turner.com/cnn/2015/images/03/17/poll.2016.pdf","Nonpartisan","None","Republican","Adults","2015-03-19 00:55:37","1426751737"
"157","McClatchy/Marist","2015-03-01","2015-03-04","2015-03-09 2000-01-01 19:46:00 UTC",426,"Adults - Republican","Live Phone",NA,9,4,5,19,6,2,7,NA,10,NA,2,1,NA,NA,3,18,13,"http://elections.huffingtonpost.com/pollster/polls/mcclatchy-marist-21830","http://maristpoll.marist.edu/wp-content/misc/usapolls/us150301/2016/Complete%20March%202015%20McClatchy_Marist%20Poll_2016_Tables.pdf#page=4","Nonpartisan","None","Republican","Adults","2015-03-09 19:46:00","1425955560"
"158","Quinnipiac","2015-02-26","2015-03-02","2015-03-05 2000-01-01 21:56:04 UTC",554,"Registered Voters - Republican","Live Phone",NA,7,6,5,16,8,NA,6,1,8,2,2,1,NA,NA,1,18,19,"http://elections.huffingtonpost.com/pollster/polls/quinnipiac-21821","http://www.quinnipiac.edu/news-and-events/quinnipiac-university-poll/national/release-detail?ReleaseID=2172","Nonpartisan","None","Republican","Registered Voters","2015-03-05 21:56:04","1425621364"
"159","YouGov/Economist","2015-02-21","2015-02-23","2015-02-27 2000-01-01 01:55:05 UTC",255,"Registered Voters - Republican","Internet",NA,6,5,8,16,7,0,10,1,10,3,2,3,NA,NA,3,18,5,"http://elections.huffingtonpost.com/pollster/polls/yougov-economist-21792","https://d25d2506sfb94s.cloudfront.net/cumulus_uploads/document/2q8maq3vef/econToplines.pdf","Nonpartisan","None","Republican","Registered Voters","2015-02-27 01:55:05","1425030905"
"160","PPP (D)","2015-02-20","2015-02-22","2015-02-24 2000-01-01 23:40:15 UTC",316,"Likely Voters - Republican","IVR/Online",NA,18,5,3,17,5,NA,4,NA,10,NA,NA,NA,NA,NA,3,25,11,"http://elections.huffingtonpost.com/pollster/polls/ppp-d-21776","http://www.publicpolicypolling.com/pdf/2015/PPP_Release_National_22415.pdf","Pollster","Dem","Republican","Likely Voters","2015-02-24 23:40:15","1424850015"
"161","CNN","2015-02-12","2015-02-15","2015-02-18 2000-01-01 23:55:19 UTC",1027,"Adults","Live Phone",NA,8,3,5,14,7,1,10,2,16,1,3,1,NA,NA,3,11,10,"http://elections.huffingtonpost.com/pollster/polls/cnn-21748","http://i2.cdn.turner.com/cnn/2015/images/02/19/rel2d.2016[2].pdf","Nonpartisan","None",NA,NA,"2015-02-18 23:55:19","1424332519"
"162","FOX","2015-01-25","2015-01-27","2015-01-29 2000-01-01 20:42:15 UTC",394,"Registered Voters - Republican","Live Phone",NA,9,4,5,10,4,NA,11,1,11,2,1,1,NA,NA,4,8,5,"http://elections.huffingtonpost.com/pollster/polls/fox-21658","http://www.foxnews.com/politics/interactive/2015/01/29/fox-news-poll-voters-believe-romney-clinton-remain-top-picks-for-2016-believe/","Nonpartisan","None","Republican","Registered Voters","2015-01-29 20:42:15","1422592935"
"163","PPP (D)","2015-01-22","2015-01-25","2015-01-30 2000-01-01 21:02:41 UTC",400,"Likely Voters - Republican","IVR/Online",NA,15,9,NA,17,7,NA,4,NA,9,NA,NA,NA,NA,NA,2,11,5,"http://elections.huffingtonpost.com/pollster/polls/ppp-d-21663","http://www.publicpolicypolling.com/pdf/2014/PPP_Release_National_13015.pdf","Pollster","Dem","Republican","Likely Voters","2015-01-30 21:02:41","1422680561"
"164","YouGov/Economist","2015-01-10","2015-01-12","2015-01-15 2000-01-01 00:35:02 UTC",212,"Registered Voters - Republican","Internet",NA,10,9,2,12,3,NA,8,NA,8,NA,NA,0,NA,NA,2,6,6,"http://elections.huffingtonpost.com/pollster/polls/yougov-economist-21599","http://d25d2506sfb94s.cloudfront.net/cumulus_uploads/document/jpkqpdm59t/econToplines.pdf","Nonpartisan","None","Republican","Registered Voters","2015-01-15 00:35:02","1421310902"
"165","CNN","2014-12-18","2014-12-21","2015-01-08 2000-01-01 02:01:23 UTC",453,"Adults - Republican","Live Phone",NA,7,4,5,23,13,NA,6,3,6,4,2,NA,NA,NA,4,4,8,"http://elections.huffingtonpost.com/pollster/polls/cnn-21580","http://i2.cdn.turner.com/cnn/2014/images/12/24/poll2.pdf","Nonpartisan","None","Republican","Adults","2015-01-08 02:01:23","1420711283"
"166","ABC/Post","2014-12-11","2014-12-14","2014-12-17 2000-01-01 04:12:41 UTC",410,"Registered Voters - Republican","Live Phone",NA,7,6,4,10,6,NA,9,2,6,2,3,NA,NA,NA,4,5,8,"http://elections.huffingtonpost.com/pollster/polls/abc-post-21520","https://s3.amazonaws.com/s3.documentcloud.org/documents/1384634/2014-12-14-trend-for-release.pdf","Nonpartisan","None","Republican","Registered Voters","2014-12-17 04:12:41","1418818361"
"167","FOX","2014-12-07","2014-12-09","2014-12-17 2000-01-01 04:31:55 UTC",392,"Registered Voters - Republican","Live Phone",NA,6,5,4,10,8,NA,8,2,8,1,1,NA,NA,NA,2,7,8,"http://elections.huffingtonpost.com/pollster/polls/fox-21521","http://www.foxnews.com/politics/interactive/2014/12/16/fox-news-poll-your-2016-presidential-election-fix/","Nonpartisan","None","Republican","Registered Voters","2014-12-17 04:31:55","1418819515"
"168","McClatchy/Marist","2014-12-03","2014-12-09","2014-12-16 2000-01-01 22:23:42 UTC",360,"Registered Voters - Republican","Live Phone",NA,8,4,3,14,9,1,5,2,9,1,3,NA,NA,NA,4,3,13,"http://elections.huffingtonpost.com/pollster/polls/mcclatchy-marist-21519","http://maristpoll.marist.edu/wp-content/misc/usapolls/us141203/2016/Complete%20December%202014%20McClatchy_Marist%20Poll_2016_Release%20and%20Tables.pdf","Nonpartisan","None","Republican","Registered Voters","2014-12-16 22:23:42","1418797422"
"169","CNN","2014-11-21","2014-11-23","2014-12-03 2000-01-01 18:29:51 UTC",510,"Adults - Republican","Live Phone",NA,10,5,3,9,8,NA,6,2,7,1,2,NA,NA,NA,4,5,5,"http://elections.huffingtonpost.com/pollster/polls/cnn-21482","http://i2.cdn.turner.com/cnn/2014/images/12/02/cnnorcpoll12022014.pdf","Nonpartisan","None","Republican","Adults","2014-12-03 18:29:51","1417660191"
"170","Quinnipiac","2014-11-18","2014-11-23","2014-12-03 2000-01-01 17:55:56 UTC",707,"Registered Voters - Republican","Live Phone",NA,8,5,2,11,8,NA,6,2,5,2,1,NA,NA,NA,2,5,17,"http://elections.huffingtonpost.com/pollster/polls/quinnipiac-21481","http://www.quinnipiac.edu/news-and-events/quinnipiac-university-poll/national/release-detail?ReleaseID=2116","Nonpartisan","None","Republican","Registered Voters","2014-12-03 17:55:56","1417658156"
"171","ABC/Post","2014-10-09","2014-10-12","2014-10-15 2000-01-01 11:45:34 UTC",NA,"Registered Voters - Republican","Live Phone",NA,6,3,6,10,8,NA,9,1,10,1,4,NA,NA,NA,5,1,8,"http://elections.huffingtonpost.com/pollster/polls/abc-post-20885","http://www.washingtonpost.com/page/2010-2019/WashingtonPost/2014/10/15/National-Politics/Polling/release_367.xml","Nonpartisan","None","Republican","Registered Voters","2014-10-15 11:45:34","1413398734"
"172","McClatchy/Marist","2014-08-04","2014-08-07","2014-08-14 2000-01-01 15:54:28 UTC",342,"Registered Voters - Republican","Live Phone",NA,NA,10,9,13,13,NA,7,NA,NA,2,3,NA,NA,NA,7,4,23,"http://elections.huffingtonpost.com/pollster/polls/mcclatchy-marist-20111","http://maristpoll.marist.edu/wp-content/misc/usapolls/us140804/2016/Complete%20August%2014,%202014%20McClatchy_Marist%20Poll%20Release%20and%20Tables.pdf","Nonpartisan","None","Republican","Registered Voters","2014-08-14 15:54:28","1408056868"
"173","FOX","2014-07-20","2014-07-22","2014-07-29 2000-01-01 15:30:55 UTC",358,"Registered Voters - Republican","Live Phone",NA,NA,9,9,12,10,NA,11,2,NA,4,3,NA,NA,NA,12,4,6,"http://elections.huffingtonpost.com/pollster/polls/fox-19979","http://www.foxnews.com/politics/interactive/2014/07/28/fox-news-polls-midterm-elections-2016-presidential-matchups/","Nonpartisan","None","Republican","Registered Voters","2014-07-29 15:30:55","1406673055"
"174","CNN","2014-07-18","2014-07-20","2014-07-28 2000-01-01 18:06:10 UTC",470,"Adults - Republican","Live Phone",NA,NA,8,6,8,13,NA,12,NA,12,NA,3,NA,NA,NA,11,5,5,"http://elections.huffingtonpost.com/pollster/polls/cnn-19958","http://i2.cdn.turner.com/cnn/2014/images/07/27/cnn.orc.poll.pdf","Nonpartisan","None","Republican","Adults","2014-07-28 18:06:10","1406595970"
"175","Quinnipiac","2014-06-24","2014-06-30","2014-07-08 2000-01-01 15:18:21 UTC",620,"Registered Voters - Republican","Live Phone",NA,NA,8,6,10,10,NA,11,2,10,1,2,NA,NA,NA,3,8,22,"http://elections.huffingtonpost.com/pollster/polls/quinnipiac-19810","http://www.quinnipiac.edu/news-and-events/quinnipiac-university-poll/national/release-detail?ReleaseID=2058","Nonpartisan","None","Republican","Registered Voters","2014-07-08 15:18:21","1404857901"
"176","Zogby (Internet)","2014-06-27","2014-06-29","2014-07-10 2000-01-01 14:53:18 UTC",282,"Likely Voters - Republican","Internet",NA,NA,NA,7,13,13,NA,20,1,NA,4,NA,NA,NA,NA,NA,8,NA,"http://elections.huffingtonpost.com/pollster/polls/zogby-internet-19825","http://zogbyanalytics.com/news/474-rand-paul-leads-the-gop-pack-for-2016-and-not-by-a-little","Nonpartisan","None","Republican","Likely Voters","2014-07-10 14:53:18","1405029198"
"177","CNN","2014-05-29","2014-06-01","2014-06-16 2000-01-01 16:08:56 UTC",452,"Adults - Republican","Live Phone",NA,NA,9,8,12,8,NA,14,NA,11,NA,4,NA,NA,NA,6,5,7,"http://elections.huffingtonpost.com/pollster/polls/cnn-19676","http://i2.cdn.turner.com/cnn/2014/images/06/15/cnn.poll.hillary.democrats.pdf","Nonpartisan","None","Republican","Adults","2014-06-16 16:08:56","1402960136"
"178","CNN","2014-05-02","2014-05-04","2014-05-06 2000-01-01 14:41:15 UTC",473,"Adults - Republican","Live Phone",NA,NA,7,6,13,9,NA,13,NA,10,NA,2,NA,NA,NA,8,7,11,"http://elections.huffingtonpost.com/pollster/polls/cnn-19385","http://i2.cdn.turner.com/cnn/2014/images/05/06/rel5d.pdf","Nonpartisan","None","Republican","Adults","2014-05-06 14:41:15","1399412475"
"179","ABC/Post","2014-04-24","2014-04-27","2014-04-29 2000-01-01 10:34:08 UTC",NA,"Registered Voters - Republican","Live Phone",NA,NA,7,6,12,9,NA,15,1,14,2,NA,NA,NA,NA,5,5,9,"http://elections.huffingtonpost.com/pollster/polls/abc-post-19341","http://apps.washingtonpost.com/g/page/politics/april-2014-washington-post-abc-news-poll/989/","Nonpartisan","None","Republican","Registered Voters","2014-04-29 10:34:08","1398792848"
"180","FOX","2014-04-13","2014-04-15","2014-04-17 2000-01-01 14:27:44 UTC",384,"Registered Voters - Republican","Live Phone",NA,NA,7,8,14,15,NA,14,NA,NA,2,5,NA,NA,NA,5,5,9,"http://elections.huffingtonpost.com/pollster/polls/fox-19256","http://www.foxnews.com/politics/interactive/2014/04/21/fox-news-poll-independents-more-likely-to-back-anti-obamacare-candidates/","Nonpartisan","None","Republican","Registered Voters","2014-04-17 14:27:44","1397770064"
"181","McClatchy/Marist","2014-04-07","2014-04-10","2014-04-15 2000-01-01 20:58:53 UTC",416,"Registered Voters - Republican","Live Phone",NA,NA,4,7,13,12,NA,12,0,13,4,3,NA,NA,NA,3,5,14,"http://elections.huffingtonpost.com/pollster/polls/mcclatchy-marist-19249","http://maristpoll.marist.edu/416-clinton-with-majority-support-against-gop-hopefuls/","Nonpartisan","None","Republican","Registered Voters","2014-04-15 20:58:53","1397620733"
"182","Reason/Rupe","2014-03-26","2014-03-30","2014-04-03 2000-01-01 15:31:19 UTC",NA,"Adults - Republican","Live Phone",NA,NA,6,6,11,10,NA,11,NA,15,1,NA,NA,NA,NA,NA,5,24,"http://elections.huffingtonpost.com/pollster/polls/reason-rupe-19173","http://reason.com/assets/db/13964619214696.pdf","Nonpartisan","None","Republican","Adults","2014-04-03 15:31:19","1396564279"
"183","Wilson Perkins Allen Opinion Research (R)","2014-03-18","2014-03-20","2014-04-02 2000-01-01 15:54:27 UTC",801,"Adults - Republican","Live Phone",NA,NA,9,6,11,9,NA,13,NA,13,3,3,NA,NA,NA,1,5,20,"http://elections.huffingtonpost.com/pollster/polls/wilson-perkins-allen-opinion-research-r-19164","http://www.wparesearch.com/uncategorized/wpas-2016-national-presidential-survey-and-media-apperances/","Pollster","Rep","Republican","Adults","2014-04-02 15:54:27","1396479267"
"184","CNN","2014-03-07","2014-03-09","2014-03-19 2000-01-01 15:14:56 UTC",367,"Adults - Republican","Live Phone",NA,NA,8,5,9,8,NA,16,NA,10,NA,3,NA,NA,NA,11,NA,9,"http://elections.huffingtonpost.com/pollster/polls/cnn-19073","http://i2.cdn.turner.com/cnn/2014/images/03/17/rel4e.pdf","Nonpartisan","None","Republican","Adults","2014-03-19 15:14:56","1395267296"
"185","PPP (D)","2014-03-06","2014-03-09","2014-03-14 2000-01-01 16:16:21 UTC",542,"Likely Voters - Republican","Automated Phone",NA,NA,11,6,15,14,NA,14,NA,18,4,NA,NA,NA,NA,NA,5,9,"http://elections.huffingtonpost.com/pollster/polls/ppp-d-19043","http://www.publicpolicypolling.com/pdf/2014/PPP_Release_National_314.pdf","Pollster","Dem","Republican","Likely Voters","2014-03-14 16:16:21","1394838981"
"186","McClatchy/Marist","2014-02-04","2014-02-09","2014-02-11 2000-01-01 21:03:53 UTC",403,"Registered Voters - Republican","Live Phone",NA,NA,5,12,8,13,NA,9,1,13,NA,2,NA,NA,NA,2,7,12,"http://elections.huffingtonpost.com/pollster/polls/mcclatchy-marist-18838","http://maristpoll.marist.edu/wp-content/misc/usapolls/us140203/2016/Complete%20February%2012,%202014%20USA%20McClatchy_Marist%20Poll%20Release%20and%20Tables.pdf","Nonpartisan","None","Republican","Registered Voters","2014-02-11 21:03:53","1392181433"
"187","CNN","2014-01-31","2014-02-02","2014-02-04 2000-01-01 15:44:53 UTC",428,"Adults - Republican","Live Phone",NA,NA,8,9,10,10,NA,13,NA,14,NA,4,NA,NA,NA,8,NA,7,"http://elections.huffingtonpost.com/pollster/polls/cnn-18783","http://i2.cdn.turner.com/cnn/2014/images/02/04/rel3a.pdf","Nonpartisan","None","Republican","Adults","2014-02-04 15:44:53","1391557493"
"188","PPP (D)","2014-01-23","2014-01-26","2014-01-29 2000-01-01 17:01:44 UTC",457,"Likely Voters - Republican","Automated Phone",NA,NA,8,8,14,13,NA,11,NA,16,5,NA,NA,NA,NA,NA,6,10,"http://elections.huffingtonpost.com/pollster/polls/ppp-d-18741","http://www.publicpolicypolling.com/pdf/2014/PPP_Release_National_129.pdf","Pollster","Dem","Republican","Likely Voters","2014-01-29 17:01:44","1391043704"
"189","ABC/Post","2014-01-20","2014-01-23","2014-01-30 2000-01-01 16:35:35 UTC",NA,"Registered Voters - Republican","Live Phone",NA,NA,12,10,18,13,NA,11,NA,NA,NA,NA,NA,NA,NA,NA,NA,14,"http://elections.huffingtonpost.com/pollster/polls/abc-post-18754","http://www.washingtonpost.com/page/2010-2019/WashingtonPost/2014/01/30/National-Politics/Polling/release_290.xml","Nonpartisan","None","Republican","Registered Voters","2014-01-30 16:35:35","1391128535"
"190","Quinnipiac","2014-01-15","2014-01-19","2014-01-21 2000-01-01 19:08:29 UTC",813,"Registered Voters - Republican","Live Phone",NA,NA,9,8,11,12,NA,13,2,NA,3,NA,NA,NA,NA,NA,6,23,"http://elections.huffingtonpost.com/pollster/polls/quinnipiac-18703","http://www.quinnipiac.edu/institutes-and-centers/polling-institute/national/release-detail?ReleaseID=1998","Nonpartisan","None","Republican","Registered Voters","2014-01-21 19:08:29","1390360109"
"191","NBC/Marist","2014-01-12","2014-01-14","2014-01-16 2000-01-01 16:58:47 UTC",385,"Registered Voters - Republican","Live Phone",NA,NA,5,7,8,16,NA,9,NA,NA,3,5,NA,NA,NA,6,4,25,"http://elections.huffingtonpost.com/pollster/polls/nbc-marist-18679","http://msnbcmedia.msn.com/i/MSNBC/Sections/A_Politics/_Today_Stories_Teases/ChristiePoll.pdf","Nonpartisan","None","Republican","Registered Voters","2014-01-16 16:58:47","1389920327"
"192","YouGov/Economist","2014-01-11","2014-01-13","2014-01-16 2000-01-01 17:36:06 UTC",210,"Adults - Republican","Internet",NA,NA,8,12,14,18,NA,6,NA,16,NA,NA,NA,NA,NA,NA,5,10,"http://elections.huffingtonpost.com/pollster/polls/yougov-economist-18681","http://d25d2506sfb94s.cloudfront.net/cumulus_uploads/document/l9ed6s82hh/econToplines.pdf","Nonpartisan","None","Republican","Adults","2014-01-16 17:36:06","1389922566"
"193","FOX","2013-12-14","2013-12-16","2013-12-18 2000-01-01 23:35:41 UTC",376,"Registered Voters - Republican","Live Phone",NA,NA,12,8,12,16,NA,11,NA,NA,NA,3,NA,NA,NA,3,6,11,"http://elections.huffingtonpost.com/pollster/polls/fox-18575","http://www.foxnews.com/politics/interactive/2013/12/26/fox-news-poll-clinton-christie-on-top-in-2016-preference-test/","Nonpartisan","None","Republican","Registered Voters","2013-12-18 23:35:41","1387438541"
"194","YouGov/Economist","2013-12-14","2013-12-16","2013-12-18 2000-01-01 21:13:07 UTC",274,"Adults - Republican","Internet",NA,NA,7,6,7,18,NA,13,NA,13,NA,NA,NA,NA,NA,NA,7,15,"http://elections.huffingtonpost.com/pollster/polls/yougov-economist-18573","http://d25d2506sfb94s.cloudfront.net/cumulus_uploads/document/m8yqd2wrtk/econToplines.pdf","Nonpartisan","None","Republican","Adults","2013-12-18 21:13:07","1387429987"
"195","PPP (D)","2013-12-12","2013-12-15","2013-12-18 2000-01-01 19:09:04 UTC",600,"Likely Voters - Republican","Automated Phone",NA,NA,14,7,10,19,NA,11,NA,13,3,NA,NA,NA,NA,NA,4,10,"http://elections.huffingtonpost.com/pollster/polls/ppp-d-18568","http://www.publicpolicypolling.com/pdf/2013/PPP_Release_National_1218.pdf","Pollster","Dem","Republican","Likely Voters","2013-12-18 19:09:04","1387422544"
"196","Quinnipiac","2013-12-03","2013-12-09","2013-12-11 2000-01-01 23:45:55 UTC",1182,"Registered Voters - Republican","Live Phone",NA,NA,13,7,11,17,NA,14,2,NA,3,NA,NA,NA,NA,NA,5,18,"http://elections.huffingtonpost.com/pollster/polls/quinnipiac-18519","http://www.quinnipiac.edu/institutes-and-centers/polling-institute/national/release-detail?ReleaseID=1988","Nonpartisan","None","Republican","Registered Voters","2013-12-11 23:45:55","1386834355"
"197","McClatchy/Marist","2013-12-03","2013-12-05","2013-12-13 2000-01-01 20:40:55 UTC",419,"Registered Voters - Republican","Live Phone",NA,NA,10,7,10,18,NA,12,NA,NA,NA,4,NA,NA,NA,3,4,13,"http://elections.huffingtonpost.com/pollster/polls/mcclatchy-marist-18533","http://maristpoll.marist.edu/wp-content/misc/usapolls/us131203/2016/Complete%20December%2011,%202013%20USA%20McClatchy-Marist%20Poll%20Release%20and%20Tables.pdf","Nonpartisan","None","Republican","Registered Voters","2013-12-13 20:40:55","1386996055"
"198","CNN","2013-11-18","2013-11-20","2013-12-02 2000-01-01 23:40:55 UTC",418,"Adults - Republican","Live Phone",NA,NA,10,9,6,24,NA,13,NA,NA,NA,6,NA,NA,NA,7,NA,8,"http://elections.huffingtonpost.com/pollster/polls/cnn-18475","http://i2.cdn.turner.com/cnn/2013/images/11/29/cnn.orc.poll.2016.pdf","Nonpartisan","None","Republican","Adults","2013-12-02 23:40:55","1386056455"
"199","PPP (D)","2013-10-29","2013-10-31","2013-11-05 2000-01-01 19:40:43 UTC",629,"Likely Voters - Republican","Automated Phone",NA,NA,14,9,12,15,NA,13,NA,NA,5,4,NA,NA,NA,NA,NA,12,"http://elections.huffingtonpost.com/pollster/polls/ppp-d-18368","http://www.publicpolicypolling.com/pdf/2013/PPP_Release_US_110513.pdf","Pollster","Dem","Republican","Likely Voters","2013-11-05 19:40:43","1383709243"
"200","YouGov/Economist","2013-10-26","2013-10-28","2013-10-30 2000-01-01 22:37:44 UTC",221,"Adults - Republican","Internet",NA,NA,12,4,4,20,NA,7,NA,NA,NA,NA,NA,NA,NA,NA,5,35,"http://elections.huffingtonpost.com/pollster/polls/yougov-economist-18325","http://d25d2506sfb94s.cloudfront.net/cumulus_uploads/document/i4pkgb3edc/econToplines.pdf","Nonpartisan","None","Republican","Adults","2013-10-30 22:37:44","1383197864"
"201","YouGov","2013-10-19","2013-10-20","2013-12-13 2000-01-01 20:17:20 UTC",228,"Adults - Republican","Internet",NA,NA,16,13,12,11,NA,7,NA,NA,NA,NA,NA,NA,NA,NA,NA,24,"http://elections.huffingtonpost.com/pollster/polls/yougov-18532","https://today.yougov.com/news/2013/10/22/ted-cruz/","Nonpartisan","None","Republican","Adults","2013-12-13 20:17:20","1386994640"
"202","YouGov","2013-09-30","2013-10-01","2013-12-13 2000-01-01 20:14:16 UTC",243,"Adults - Republican","Internet",NA,NA,16,9,9,14,NA,13,NA,NA,NA,NA,NA,NA,NA,NA,NA,25,"http://elections.huffingtonpost.com/pollster/polls/yougov-18531","http://cdn.yougov.com/cumulus_uploads/document/ovdt4dpag0/tabs_OPI_2016primaries_20131002.pdf","Nonpartisan","None","Republican","Adults","2013-12-13 20:14:16","1386994456"
"203","Quinnipiac","2013-09-23","2013-09-29","2013-10-02 2000-01-01 17:17:47 UTC",576,"Registered Voters - Republican","Live Phone",NA,NA,10,12,11,13,NA,17,NA,NA,3,NA,NA,NA,NA,NA,4,20,"http://elections.huffingtonpost.com/pollster/polls/quinnipiac-18116","http://www.quinnipiac.edu/institutes-and-centers/polling-institute/national/release-detail?ReleaseID=1959","Nonpartisan","None","Republican","Registered Voters","2013-10-02 17:17:47","1380759467"
"204","PPP (D)","2013-09-25","2013-09-26","2013-09-27 2000-01-01 16:12:20 UTC",743,"Likely Voters - Republican","Automated Phone",NA,NA,20,10,11,14,NA,17,NA,NA,4,3,NA,NA,NA,NA,3,9,"http://elections.huffingtonpost.com/pollster/polls/ppp-d-18088","http://www.publicpolicypolling.com/pdf/2013/PPP_Release_National_927.pdf","Pollster","Dem","Republican","Likely Voters","2013-09-27 16:12:20","1380323540"
"205","CNN","2013-09-06","2013-09-08","2013-09-16 2000-01-01 19:48:33 UTC",452,"Adults - Republican","Live Phone",NA,NA,7,9,10,17,NA,13,NA,NA,NA,5,NA,NA,NA,6,NA,10,"http://elections.huffingtonpost.com/pollster/polls/cnn-17953","http://i2.cdn.turner.com/cnn/2013/images/09/16/2016poll.pdf","Nonpartisan","None","Republican","Adults","2013-09-16 19:48:33","1379386113"
"206","Rasmussen","2013-08-01","2013-08-02","2013-08-07 2000-01-01 15:08:32 UTC",330,"Likely Voters - Republican","Automated Phone",NA,NA,NA,18,16,21,NA,15,NA,NA,NA,NA,NA,NA,NA,NA,6,8,"http://elections.huffingtonpost.com/pollster/polls/rasmussen-17784","http://www.rasmussenreports.com/public_content/politics/elections/election_2016/christie_is_candidate_gop_voters_want_least_as_their_2016_nominee","Nonpartisan","None","Republican","Likely Voters","2013-08-07 15:08:32","1375913312"
"207","PPP (D)","2013-07-19","2013-07-21","2013-07-26 2000-01-01 20:22:53 UTC",500,"Likely Voters - Republican","Automated Phone",NA,NA,12,10,13,13,NA,16,NA,NA,4,4,NA,NA,NA,NA,NA,13,"http://elections.huffingtonpost.com/pollster/polls/ppp-d-17738","http://www.publicpolicypolling.com/pdf/2011/PPP_Release_National_725.pdf","Pollster","Dem","Republican","Likely Voters","2013-07-26 20:22:53","1374895373"
"208","McClatchy/Marist","2013-07-15","2013-07-18","2013-07-26 2000-01-01 19:50:20 UTC",357,"Registered Voters - Republican","Live Phone",NA,NA,7,12,10,15,NA,9,NA,NA,1,2,NA,NA,NA,4,2,25,"http://elections.huffingtonpost.com/pollster/polls/mcclatchy-marist-17737","http://maristpoll.marist.edu/wp-content/misc/usapolls/us130715/Campaign%202016/Complete%20July%2024,%202013%20USA%20McClatchy-Marist%20Poll%20Results%20and%20Tables.pdf","Nonpartisan","None","Republican","Registered Voters","2013-07-26 19:50:20","1374893420"
"209","YouGov/Economist","2013-07-13","2013-07-15","2013-07-17 2000-01-01 18:54:51 UTC",270,"Adults - Republican","Internet",NA,NA,NA,8,12,11,NA,12,NA,NA,2,4,NA,NA,NA,5,2,24,"http://elections.huffingtonpost.com/pollster/polls/yougov-economist-17693","http://cdn.yougov.com/cumulus_uploads/document/plebg2r3k8/20130715econToplines.pdf","Nonpartisan","None","Republican","Adults","2013-07-17 18:54:51","1374112491"
"210","YouGov/Economist","2013-07-06","2013-07-08","2013-07-10 2000-01-01 18:12:55 UTC",253,"Adults - Republican","Internet",NA,NA,NA,12,9,8,NA,12,NA,NA,5,4,NA,NA,NA,NA,NA,NA,"http://elections.huffingtonpost.com/pollster/polls/yougov-economist-17651","http://cdn.yougov.com/cumulus_uploads/document/gstmy2b6e8/20130708econToplines.pdf","Nonpartisan","None","Republican","Adults","2013-07-10 18:12:55","1373505175"
"211","YouGov/Economist","2013-06-29","2013-07-01","2013-07-03 2000-01-01 18:06:01 UTC",257,"Adults - Republican","Internet",NA,NA,NA,10,11,9,NA,12,NA,NA,4,6,NA,NA,NA,NA,NA,26,"http://elections.huffingtonpost.com/pollster/polls/yougov-economist-17634","http://d25d2506sfb94s.cloudfront.net/cumulus_uploads/document/0rd3x7rgj2/20130701econToplines.pdf","Nonpartisan","None","Republican","Adults","2013-07-03 18:06:01","1372899961"
"212","YouGov/Economist","2013-06-22","2013-06-24","2013-06-26 2000-01-01 20:29:28 UTC",248,"Adults - Republican","Internet",NA,NA,NA,14,9,11,NA,11,NA,NA,1,4,NA,NA,NA,NA,NA,32,"http://elections.huffingtonpost.com/pollster/polls/yougov-economist-17606","http://cdn.yougov.com/cumulus_uploads/document/z9pr64pqs6/Economist%20Toplines%20June%2024%202013.pdf","Nonpartisan","None","Republican","Adults","2013-06-26 20:29:28","1372303768"
"213","YouGov/Economist","2013-06-15","2013-06-17","2013-06-19 2000-01-01 18:35:43 UTC",262,"Adults - Republican","Internet",NA,NA,NA,11,9,13,NA,16,NA,NA,2,3,NA,NA,NA,NA,NA,28,"http://elections.huffingtonpost.com/pollster/polls/yougov-economist-17574","http://cdn.yougov.com/cumulus_uploads/document/etf70dw36d/20130615econToplines.pdf","Nonpartisan","None","Republican","Adults","2013-06-19 18:35:43","1371692143"
"214","YouGov/Economist","2013-06-08","2013-06-10","2013-06-12 2000-01-01 17:30:15 UTC",264,"Adults - Republican","Internet",NA,NA,NA,9,7,12,NA,13,NA,NA,1,4,NA,NA,NA,NA,NA,33,"http://elections.huffingtonpost.com/pollster/polls/yougov-economist-17529","http://cdn.yougov.com/cumulus_uploads/document/iqn03vbeyl/20130610econToplines.pdf","Nonpartisan","None","Republican","Adults","2013-06-12 17:30:15","1371083415"
"215","YouGov/Economist","2013-06-01","2013-06-03","2013-06-05 2000-01-01 17:30:05 UTC",246,"Adults - Republican","Internet",NA,NA,NA,9,8,9,NA,13,NA,NA,3,1,NA,NA,NA,NA,NA,31,"http://elections.huffingtonpost.com/pollster/polls/yougov-economist-17491","http://d25d2506sfb94s.cloudfront.net/cumulus_uploads/document/08eqj3n0pn/20130601econToplines.pdf","Nonpartisan","None","Republican","Adults","2013-06-05 17:30:05","1370478605"
"216","PPP (D)","2013-05-06","2013-05-09","2013-05-15 2000-01-01 16:18:48 UTC",806,"Likely Voters - Republican","Automated Phone",NA,NA,7,16,15,15,NA,14,NA,NA,3,5,NA,NA,NA,NA,NA,15,"http://elections.huffingtonpost.com/pollster/polls/ppp-d-17399","http://www.publicpolicypolling.com/pdf/2011/PPP_Release_National_515Final.pdf","Pollster","Dem","Republican","Likely Voters","2013-05-15 16:18:48","1368659928"
"217","Quinnipiac","2013-03-26","2013-04-01","2013-04-03 2000-01-01 12:38:02 UTC",712,"Registered Voters - Republican","Live Phone",NA,NA,NA,19,10,14,NA,15,NA,NA,3,NA,NA,NA,NA,NA,2,18,"http://elections.huffingtonpost.com/pollster/polls/quinnipiac-17216","http://www.quinnipiac.edu/institutes-centers/polling-institute/national/release-detail?ReleaseID=1876","Nonpartisan","None","Republican","Registered Voters","2013-04-03 12:38:02","1365017882"
"218","PPP (D)","2013-03-27","2013-03-30","2013-04-04 2000-01-01 16:22:12 UTC",1125,"Likely Voters - Republican","Automated Phone",NA,NA,NA,21,12,15,NA,17,NA,NA,4,5,NA,NA,NA,2,NA,10,"http://elections.huffingtonpost.com/pollster/polls/ppp-d-17222","http://www.publicpolicypolling.com/pdf/2011/PPP_Release_4313.pdf","Pollster","Dem","Republican","Likely Voters","2013-04-04 16:22:12","1365117732"
"219","YouGov/Economist","2013-02-23","2013-02-25","2013-02-27 2000-01-01 18:13:26 UTC",245,"Adults - Republican","Internet",NA,NA,NA,17,9,12,NA,4,NA,NA,1,2,NA,NA,NA,1,NA,24,"http://elections.huffingtonpost.com/pollster/polls/yougov-economist-17087","http://cdn.yougov.com/cumulus_uploads/document/x88q6cjkbv/20130223-econToplines.pdf","Nonpartisan","None","Republican","Adults","2013-02-27 18:13:26","1362017606"
"220","YouGov/Economist","2013-02-16","2013-02-18","2013-02-22 2000-01-01 16:49:10 UTC",201,"Adults - Republican","Internet",NA,NA,NA,19,3,12,NA,4,NA,NA,2,1,NA,NA,NA,2,NA,35,"http://elections.huffingtonpost.com/pollster/polls/yougov-economist-17064","http://cdn.yougov.com/cumulus_uploads/document/fcd3s0ow27/20130216Toplines.pdf","Nonpartisan","None","Republican","Adults","2013-02-22 16:49:10","1361580550"
"221","PPP (D)","2013-01-31","2013-02-03","2013-02-07 2000-01-01 20:34:59 UTC",508,"Likely Voters - Republican","Automated Phone",NA,NA,NA,22,13,13,NA,10,NA,11,4,NA,NA,NA,NA,3,NA,8,"http://elections.huffingtonpost.com/pollster/polls/ppp-d-16996","http://www.publicpolicypolling.com/pdf/2011/PPP_Release_National_207.pdf","Pollster","Dem","Republican","Likely Voters","2013-02-07 20:34:59","1360298099"
"222","PPP (D)","2013-01-31","2013-02-03","2014-03-24 2000-01-01 20:23:45 UTC",508,"Likely Voters - Republican","Automated Phone",NA,NA,NA,22,13,13,NA,10,NA,11,4,NA,NA,NA,NA,3,NA,8,"http://elections.huffingtonpost.com/pollster/polls/ppp-d-19115","http://www.publicpolicypolling.com/pdf/2011/PPP_Release_National_207.pdf","Pollster","Dem","Republican","Likely Voters","2014-03-24 20:23:45","1395717825"
"223","YouGov/Economist","2013-01-19","2013-01-21","2013-02-01 2000-01-01 18:34:41 UTC",253,"Adults - Republican","Internet",NA,NA,NA,22,7,9,NA,3,NA,NA,1,7,NA,NA,NA,2,NA,29,"http://elections.huffingtonpost.com/pollster/polls/yougov-economist-16964","http://cdn.yougov.com/cumulus_uploads/document/d3ms2sphnu/20130119econTabReport.pdf","Nonpartisan","None","Republican","Adults","2013-02-01 18:34:41","1359772481"
"224","YouGov/Economist","2013-01-12","2013-01-14","2013-02-01 2000-01-01 17:14:07 UTC",273,"Adults - Republican","Internet",NA,NA,NA,16,6,11,NA,3,NA,NA,3,4,NA,NA,NA,2,NA,30,"http://elections.huffingtonpost.com/pollster/polls/yougov-economist-16963","http://cdn.yougov.com/cumulus_uploads/document/h9rwppzi83/20130112_econTabReport.pdf","Nonpartisan","None","Republican","Adults","2013-02-01 17:14:07","1359767647"
"225","PPP (D)","2013-01-03","2013-01-06","2013-01-08 2000-01-01 12:08:17 UTC",563,"Likely Voters - Republican","Automated Phone",NA,NA,NA,21,14,14,NA,5,NA,15,3,NA,NA,NA,NA,2,NA,7,"http://elections.huffingtonpost.com/pollster/polls/ppp-d-16866","http://www.publicpolicypolling.com/pdf/2011/PPP_Release_National_011013.pdf","Pollster","Dem","Republican","Likely Voters","2013-01-08 12:08:17","1357675697"
"226","PPP (D)","2012-11-30","2012-12-02","2012-12-06 2000-01-01 16:31:37 UTC",475,"Registered Voters - Republican","Automated Phone",NA,NA,NA,18,12,14,NA,7,NA,11,NA,4,NA,NA,NA,NA,NA,7,"http://elections.huffingtonpost.com/pollster/polls/ppp-d-16784","http://www.publicpolicypolling.com/pdf/2011/PPP_Release_National_1206.pdf","Pollster","Dem","Republican","Registered Voters","2012-12-06 16:31:37","1354840297"
